Source,Target,Type,Id,Label,timeset,Weight
IEEE NUCLEAR SCIENCE SYMPOSIUM,Akbari-Shandiz 2019,Directed,483,,,1
ANNUAL INTERNATIONAL CONFERENCE OF THE IEEE ENGINEERING IN MEDICINE AND BIOLOGY SOCIETY,van den Noort 2014,Directed,308,,,1
INTERNATIONAL CONFERENCE ON CIVIL AND ENVIRONMENTAL ENGINEERING FOR SUSTAINABILITY,Kolz 2020,Directed,283,,,1
ABHANDLUNGEN AUS DEM MATHEMATISCHEN,Michiels 1995,Directed,119,,,1
ACTA NEUROLOGICA SCANDINAVICA,Roren 2013,Directed,223,,,1
ACTA OBSTETRICIA ET GYNECOLOGICA SCANDINAVICA,Herisson 2017,Directed,510,,,1
ACTA ORTHOPAEDICA,Massimini 2011,Directed,168,,,2
ACTA ORTHOPAEDICA,Zhu 2012,Directed,238,,,2
ACTA ORTHOPAEDICA SCANDINAVICA,Ludewig 2000,Directed,14,,,2
ACTA ORTHOPAEDICA SCANDINAVICA,Massimini 2011,Directed,23,,,1
ACTA ORTHOPAEDICA SCANDINAVICA,Mozingo 2018,Directed,591,,,1
ACTA ORTHOPAEDICA SCANDINAVICA,Warner 2015,Directed,82,,,1
ADVANCES IN ROBOT KINEMATICS,Hajizadeh 2019,Directed,658,,,1
Akbari-Shandiz 2019,CLINICAL BIOMECHANICS,Directed,1005,,,1
Akbari-Shandiz 2019,JOURNAL OF ELECTROMYOGRAPHY AND KINESIOLOGY,Directed,846,,,1
Akbari-Shandiz 2019,JOURNAL OF MAGNETIC RESONANCE IMAGING,Directed,152,,,1
Akbari-Shandiz 2019,JOURNAL OF ORTHOPAEDIC & SPORTS PHYSICAL THERAPY,Directed,300,,,1
Akbari-Shandiz 2019,JOURNAL OF ORTHOPAEDIC RESEARCH,Directed,734,,,1
Akbari-Shandiz 2019,JOURNAL OF VISUALIZED EXPERIMENTS,Directed,457,,,2
Akbari-Shandiz 2019,MEDICAL IMAGE ANALYSIS,Directed,252,,,1
Akbari-Shandiz 2019,PHYSICAL THERAPY,Directed,253,,,1
Akbari-Shandiz 2019,PLOS ONE,Directed,344,,,1
Alexander 2018,CLINICAL ORTHOPAEDICS AND RELATED RESEARCH,Directed,966,,,1
Alexander 2018,JOURNAL OF BIOMECHANICS,Directed,72,,,1
AMERICAN JOURNAL OF INDUSTRIAL MEDICINE,Cutti 2014,Directed,10,,,1
AMERICAN JOURNAL OF INDUSTRIAL MEDICINE,Hajizadeh 2019,Directed,440,,,1
AMERICAN JOURNAL OF MENTAL DEFICIENCY,Gonçalves 2019,Directed,799,,,1
AMERICAN JOURNAL OF OBSTETRICS AND GYNECOLOGY,Mahon 2017,Directed,366,,,1
AMERICAN JOURNAL OF OCCUPATIONAL THERAPY,Lin 2005’,Directed,63,,,1
AMERICAN JOURNAL OF OCCUPATIONAL THERAPY,Lin 2005’’,Directed,688,,,1
AMERICAN JOURNAL OF PHYSICAL MEDICINE & REHABILITATION,Crosbie 2008,Directed,155,,,1
AMERICAN JOURNAL OF PHYSICAL MEDICINE & REHABILITATION,Cutti 2008,Directed,225,,,1
AMERICAN JOURNAL OF PHYSICAL MEDICINE & REHABILITATION,Cutti 2014,Directed,443,,,1
AMERICAN JOURNAL OF PHYSICAL MEDICINE & REHABILITATION,de Baets 2013,Directed,678,,,1
AMERICAN JOURNAL OF PHYSICAL MEDICINE & REHABILITATION,Haik 2014,Directed,216,,,1
AMERICAN JOURNAL OF PHYSICAL MEDICINE & REHABILITATION,Lang 2019,Directed,600,,,1
AMERICAN JOURNAL OF PHYSICAL MEDICINE & REHABILITATION,Lin 2005’,Directed,468,,,1
AMERICAN JOURNAL OF PHYSICAL MEDICINE & REHABILITATION,Ludewig 2000,Directed,15,,,1
AMERICAN JOURNAL OF PHYSICAL MEDICINE & REHABILITATION,Prinold 2011,Directed,607,,,1
AMERICAN JOURNAL OF PHYSICAL MEDICINE & REHABILITATION,Roren 2015,Directed,167,,,1
AMERICAN JOURNAL OF PHYSICAL MEDICINE & REHABILITATION,Michiels 1995,Directed,383,,,1
AMERICAN JOURNAL OF ROENTGENOLOGY,Ludewig 2000,Directed,12,,,1
AMERICAN JOURNAL OF ROENTGENOLOGY,Roren 2015,Directed,165,,,1
AMERICAN JOURNAL OF SPORTS MEDICINE,Akbari-Shandiz 2019,Directed,377,,,2
AMERICAN JOURNAL OF SPORTS MEDICINE,Bey 2006,Directed,86,,,7
AMERICAN JOURNAL OF SPORTS MEDICINE,Cereatti 2015,Directed,746,,,3
AMERICAN JOURNAL OF SPORTS MEDICINE,Chu 2012,Directed,79,,,2
AMERICAN JOURNAL OF SPORTS MEDICINE,Crosbie 2008,Directed,631,,,1
AMERICAN JOURNAL OF SPORTS MEDICINE,Fayad 2006,Directed,280,,,1
AMERICAN JOURNAL OF SPORTS MEDICINE,Finley 2003,Directed,626,,,1
AMERICAN JOURNAL OF SPORTS MEDICINE,Haik 2014,Directed,38,,,3
AMERICAN JOURNAL OF SPORTS MEDICINE,Lin 2005’,Directed,599,,,2
AMERICAN JOURNAL OF SPORTS MEDICINE,Lin 2005’’,Directed,61,,,1
AMERICAN JOURNAL OF SPORTS MEDICINE,Lovern 2009,Directed,747,,,2
AMERICAN JOURNAL OF SPORTS MEDICINE,Ludewig 2000,Directed,2,,,4
AMERICAN JOURNAL OF SPORTS MEDICINE,Massimini 2011,Directed,57,,,4
AMERICAN JOURNAL OF SPORTS MEDICINE,Meyer 2008,Directed,810,,,4
AMERICAN JOURNAL OF SPORTS MEDICINE,Michener 2016,Directed,780,,,1
AMERICAN JOURNAL OF SPORTS MEDICINE,Myers 2006,Directed,343,,,2
AMERICAN JOURNAL OF SPORTS MEDICINE,Prinold 2013,Directed,802,,,2
AMERICAN JOURNAL OF SPORTS MEDICINE,Rogowski 2014,Directed,655,,,3
AMERICAN JOURNAL OF SPORTS MEDICINE,Roren 2015,Directed,48,,,1
AMERICAN JOURNAL OF SPORTS MEDICINE,Teece 2008,Directed,526,,,3
AMERICAN JOURNAL OF SPORTS MEDICINE,Yildiz 2020,Directed,245,,,1
AMERICAN JOURNAL OF SPORTS MEDICINE,Zhu 2012,Directed,498,,,5
ANNALS OF BIOMEDICAL ENGINEERING,Cereatti 2015,Directed,528,,,1
ANNALS OF BIOMEDICAL ENGINEERING,Gonçalves 2019,Directed,83,,,1
ANNALS OF BIOMEDICAL ENGINEERING,Hansen 2019,Directed,680,,,1
ANNALS OF BIOMEDICAL ENGINEERING,Kolz 2020,Directed,182,,,1
ANNALS OF BIOMEDICAL ENGINEERING,Nicholson 2017,Directed,228,,,1
ANNALS OF BIOMEDICAL ENGINEERING,Nicholson 2019,Directed,24,,,1
ANNALS OF BIOMEDICAL ENGINEERING,Richardson 2017,Directed,635,,,1
ANNALS OF INTERNAL MEDICINE,Haik 2014,Directed,297,,,1
ANNALS OF INTERNAL MEDICINE,Michener 2016,Directed,525,,,1
ANNALS OF INTERNAL MEDICINE,Yildiz 2020,Directed,230,,,1
ANNALS OF STATISTICS,Cutti 2014,Directed,679,,,1
ANNALS OF THE RHEUMATIC DISEASES,Crosbie 2008,Directed,436,,,1
ANNALS OF THE RHEUMATIC DISEASES,Fayad 2006,Directed,147,,,2
ANNALS OF THE RHEUMATIC DISEASES,Hajizadeh 2019,Directed,426,,,1
ANNALS OF THE RHEUMATIC DISEASES,Lang 2019,Directed,191,,,1
ANNALS OF THE RHEUMATIC DISEASES,Lin 2005’,Directed,494,,,2
ANNALS OF THE RHEUMATIC DISEASES,Parel 2014,Directed,142,,,1
ANNALS OF THE RHEUMATIC DISEASES,Roren 2013,Directed,93,,,1
ANNALS OF THE RHEUMATIC DISEASES,Roren 2015,Directed,257,,,1
ANNUAL REVIEW OF BIOMEDICAL ENGINEERING,Richardson 2017,Directed,545,,,1
ARCHIVES OF ORTHOPAEDIC AND TRAUMA SURGERY,Roren 2015,Directed,361,,,1
ARCHIVES OF ORTHOPAEDIC AND TRAUMA SURGERY,Shaheen 2011’,Directed,882,,,1
ARCHIVES OF ORTHOPAEDIC AND TRAUMA SURGERY,Shaheen 2011’’,Directed,364,,,1
ARCHIVES OF PHYSICAL MEDICINE AND REHABILITATION,Bey 2006,Directed,711,,,1
ARCHIVES OF PHYSICAL MEDICINE AND REHABILITATION,Bourne 2007,Directed,764,,,1
ARCHIVES OF PHYSICAL MEDICINE AND REHABILITATION,Bourne 2011,Directed,710,,,1
ARCHIVES OF PHYSICAL MEDICINE AND REHABILITATION,Cereatti 2015,Directed,699,,,1
ARCHIVES OF PHYSICAL MEDICINE AND REHABILITATION,Chu 2012,Directed,552,,,1
ARCHIVES OF PHYSICAL MEDICINE AND REHABILITATION,de Baets 2013,Directed,871,,,3
ARCHIVES OF PHYSICAL MEDICINE AND REHABILITATION,Fayad 2006,Directed,338,,,1
ARCHIVES OF PHYSICAL MEDICINE AND REHABILITATION,Finley 2003,Directed,709,,,2
ARCHIVES OF PHYSICAL MEDICINE AND REHABILITATION,Gonçalves 2019,Directed,4,,,1
ARCHIVES OF PHYSICAL MEDICINE AND REHABILITATION,Haik 2014,Directed,402,,,2
ARCHIVES OF PHYSICAL MEDICINE AND REHABILITATION,Hansen 2019,Directed,220,,,1
ARCHIVES OF PHYSICAL MEDICINE AND REHABILITATION,Jaspers 2011’’,Directed,847,,,1
ARCHIVES OF PHYSICAL MEDICINE AND REHABILITATION,Karduna 2001,Directed,134,,,1
ARCHIVES OF PHYSICAL MEDICINE AND REHABILITATION,Lin 2005’,Directed,686,,,3
ARCHIVES OF PHYSICAL MEDICINE AND REHABILITATION,Lin 2005’’,Directed,531,,,2
ARCHIVES OF PHYSICAL MEDICINE AND REHABILITATION,Mahon 2017,Directed,818,,,1
ARCHIVES OF PHYSICAL MEDICINE AND REHABILITATION,Meskers 2007,Directed,800,,,1
ARCHIVES OF PHYSICAL MEDICINE AND REHABILITATION,Michener 2016,Directed,577,,,1
ARCHIVES OF PHYSICAL MEDICINE AND REHABILITATION,Michiels 1995,Directed,218,,,2
ARCHIVES OF PHYSICAL MEDICINE AND REHABILITATION,Myers 2006,Directed,769,,,2
ARCHIVES OF PHYSICAL MEDICINE AND REHABILITATION,Plummer 2018,Directed,495,,,1
ARCHIVES OF PHYSICAL MEDICINE AND REHABILITATION,Roren 2013,Directed,87,,,2
ARCHIVES OF PHYSICAL MEDICINE AND REHABILITATION,Roren 2015,Directed,67,,,2
ARCHIVES OF PHYSICAL MEDICINE AND REHABILITATION,Shaheen 2011’,Directed,466,,,1
ARCHIVES OF PHYSICAL MEDICINE AND REHABILITATION,Thigpen 2005,Directed,538,,,2
ARCHIVES OF PHYSICAL MEDICINE AND REHABILITATION,Vanezis 2015,Directed,836,,,1
ARCHIVES OF PHYSICAL MEDICINE AND REHABILITATION,Warner 2015,Directed,62,,,1
ARTHRITIS AND RHEUMATISM,Fayad 2006,Directed,306,,,1
ARTHROSCOPY-THE JOURNAL OF ARTHROSCOPIC AND RELATED SURGERY,Chu 2012,Directed,654,,,1
ARTHROSCOPY-THE JOURNAL OF ARTHROSCOPIC AND RELATED SURGERY,Ludewig 2000,Directed,5,,,1
ARTHROSCOPY-THE JOURNAL OF ARTHROSCOPIC AND RELATED SURGERY,Meyer 2008,Directed,464,,,1
ARTHROSCOPY-THE JOURNAL OF ARTHROSCOPIC AND RELATED SURGERY,Myers 2006,Directed,667,,,1
ARTHROSCOPY-THE JOURNAL OF ARTHROSCOPIC AND RELATED SURGERY,Nicholson 2017,Directed,805,,,1
ARTHROSCOPY-THE JOURNAL OF ARTHROSCOPIC AND RELATED SURGERY,Nicholson 2019,Directed,590,,,1
ARTHROSCOPY-THE JOURNAL OF ARTHROSCOPIC AND RELATED SURGERY,van den Noort 2014,Directed,662,,,2
BEHAVIOR RESEARCH METHODS INSTRUMENTS & COMPUTERS,Myers 2006,Directed,19,,,1
Bey 2006,AMERICAN JOURNAL OF SPORTS MEDICINE,Directed,112,,,8
Bey 2006,ANNALS OF BIOMEDICAL ENGINEERING,Directed,180,,,4
Bey 2006,ARTHROSCOPY-THE JOURNAL OF ARTHROSCOPIC AND RELATED SURGERY,Directed,64,,,2
Bey 2006,BIOMEDICAL ENGINEERING ONLINE,Directed,903,,,1
Bey 2006,BMC MEDICAL IMAGING,Directed,90,,,1
Bey 2006,BMC MUSCULOSKELETAL DISORDERS,Directed,806,,,1
Bey 2006,CLINICAL BIOMECHANICS,Directed,918,,,4
Bey 2006,CLINICAL ORTHOPAEDICS AND RELATED RESEARCH,Directed,1022,,,2
Bey 2006,COMPUTER AIDED SURGERY,Directed,74,,,1
Bey 2006,COMPUTER METHODS IN BIOMECHANICS AND BIOMEDICAL ENGINEERING-IMAGING AND VISUALIZATION,Directed,647,,,1
Bey 2006,COMPUTERS IN BIOLOGY AND MEDICINE,Directed,96,,,2
Bey 2006,EQUINE VETERINARY JOURNAL,Directed,534,,,1
Bey 2006,EURASIP JOURNAL ON ADVANCES IN SIGNAL PROCESSING,Directed,608,,,1
Bey 2006,EUROPEAN SPINE JOURNAL,Directed,716,,,1
Bey 2006,FOOT & ANKLE INTERNATIONAL,Directed,405,,,1
Bey 2006,FRONTIERS IN BIOENGINEERING AND BIOTECHNOLOGY,Directed,455,,,4
Bey 2006,GAIT & POSTURE,Directed,330,,,12
Bey 2006,IMAGE ANALYSIS: SCANDINAVIAN CONFERENCE,Directed,736,,,1
Bey 2006,INTEGRATIVE ORGANISMAL BIOLOGY,Directed,1087,,,1
Bey 2006,INTERNATIONAL JOURNAL OF COMPUTER ASSISTED RADIOLOGY AND SURGERY,Directed,1079,,,1
Bey 2006,INTERNATIONAL MECHANICAL ENGINEERING CONGRESS AND EXPOSITION,Directed,418,,,1
Bey 2006,JBJS REVIEWS,Directed,900,,,1
Bey 2006,JOURNAL OF APPLIED BIOMECHANICS,Directed,928,,,4
Bey 2006,JOURNAL OF ARTHROPLASTY,Directed,692,,,1
Bey 2006,JOURNAL OF BIOMECHANICAL ENGINEERING,Directed,1058,,,12
Bey 2006,JOURNAL OF BIOMECHANICS,Directed,1103,,,31
Bey 2006,JOURNAL OF BONE AND JOINT SURGERY,Directed,997,,,5
Bey 2006,JOURNAL OF DAIRY SCIENCE,Directed,66,,,1
Bey 2006,JOURNAL OF ELECTROMYOGRAPHY AND KINESIOLOGY,Directed,195,,,3
Bey 2006,JOURNAL OF FELINE MEDICINE AND SURGERY,Directed,1107,,,1
Bey 2006,JOURNAL OF FOOT AND ANKLE RESEARCH,Directed,369,,,1
Bey 2006,JOURNAL OF MAGNETIC RESONANCE IMAGING,Directed,682,,,2
Bey 2006,JOURNAL OF MEDICAL DEVICES,Directed,969,,,1
Bey 2006,JOURNAL OF NEUROSURGERY-SPINE,Directed,951,,,2
Bey 2006,JOURNAL OF ORAL AND MAXILLOFACIAL SURGERY,Directed,833,,,1
Bey 2006,JOURNAL OF ORTHOPAEDIC & SPORTS PHYSICAL THERAPY,Directed,687,,,1
Bey 2006,JOURNAL OF ORTHOPAEDIC RESEARCH,Directed,920,,,5
Bey 2006,JOURNAL OF SHOULDER AND ELBOW SURGERY,Directed,965,,,9
Bey 2006,JOURNAL OF WRIST SURGERY,Directed,34,,,1
Bey 2006,JOURNAL OF VISUALIZED EXPERIMENTS,Directed,564,,,2
Bey 2006,KNEE SURGERY SPORTS TRAUMATOLOGY ARTHROSCOPY,Directed,183,,,2
Bey 2006,MAGNETIC RESONANCE IMAGING,Directed,35,,,1
Bey 2006,MEDICAL & BIOLOGICAL ENGINEERING & COMPUTING,Directed,1113,,,3
Bey 2006,MEDICAL ENGINEERING & PHYSICS,Directed,1089,,,7
Bey 2006,MEDICAL IMAGING,Directed,202,,,2
Bey 2006,MEDICAL PHYSICS,Directed,210,,,2
Bey 2006,MEDICINE AND SCIENCE IN SPORTS AND EXERCISE,Directed,444,,,1
Bey 2006,ORTHOPAEDIC JOURNAL OF SPORTS MEDICINE,Directed,260,,,2
Bey 2006,OSTEOARTHRITIS AND CARTILAGE,Directed,776,,,1
Bey 2006,PHYSICS IN MEDICINE AND BIOLOGY,Directed,270,,,1
Bey 2006,PHYSIOLOGICAL MEASUREMENT,Directed,732,,,1
Bey 2006,PLOS ONE,Directed,892,,,1
Bey 2006,PM&R,Directed,948,,,1
Bey 2006,ASME SUMMER BIOENGINEERING CONFERENCE,Directed,694,,,2
Bey 2006,ASME INTERNATIONAL DESIGN ENGINEERING TECHNICAL CONFERENCES AND COMPUTERS AND INFORMATION IN ENGINEERING CONFERENCE,Directed,246,,,1
Bey 2006,PROCEEDINGS OF THE INSTITUTION OF MECHANICAL ENGINEERS PART H-JOURNAL OF ENGINEERING IN MEDICINE,Directed,169,,,2
Bey 2006,RHEUMATIC DISEASE CLINICS OF NORTH AMERICA,Directed,970,,,1
Bey 2006,SCIENCE CHINA TECHNOLOGICAL SCIENCES,Directed,509,,,1
Bey 2006,SPINE,Directed,885,,,5
Bey 2006,SPINE JOURNAL,Directed,768,,,5
Bey 2006,SURGICAL AND RADIOLOGIC ANATOMY,Directed,639,,,2
Bey 2006,TRAITEMENT DU SIGNAL,Directed,320,,,1
Bey 2006,TRIALS,Directed,663,,,1
Bey 2006,VIDEOMETRICS RANGE IMAGING AND APPLICATIONS,Directed,273,,,1
Bey 2006,VISUAL COMPUTER,Directed,735,,,1
Bey 2006,WORLD NEUROSURGERY,Directed,1054,,,1
BIOLOGICAL CYBERNETICS,Prinold 2013,Directed,698,,,1
BIOMEDIZINISCHE TECHNIK,Michiels 1995,Directed,65,,,1
BMC MUSCULOSKELETAL DISORDERS,de Baets 2013,Directed,259,,,1
BMC MUSCULOSKELETAL DISORDERS,Gonçalves 2019,Directed,262,,,1
BMC MUSCULOSKELETAL DISORDERS,Hansen 2019,Directed,45,,,1
BMC MUSCULOSKELETAL DISORDERS,Michener 2016,Directed,578,,,1
BMC NEUROLOGY,Hansen 2019,Directed,453,,,1
BONE & JOINT JOURNAL,Kolz 2020,Directed,114,,,1
BONE & JOINT RESEARCH,Cereatti 2015,Directed,293,,,1
Bourne 2007,AMERICAN JOURNAL OF SPORTS MEDICINE,Directed,251,,,1
Bourne 2007,ANNALS OF BIOMEDICAL ENGINEERING,Directed,745,,,1
Bourne 2007,BRAIN RESEARCH,Directed,861,,,1
Bourne 2007,BRITISH JOURNAL OF SPORTS MEDICINE,Directed,933,,,1
Bourne 2007,CLINICAL ANATOMY,Directed,346,,,1
Bourne 2007,CLINICAL BIOMECHANICS,Directed,368,,,1
Bourne 2007,CLINICAL ORTHOPAEDICS AND RELATED RESEARCH,Directed,563,,,1
Bourne 2007,COMPUTER METHODS IN BIOMECHANICS AND BIOMEDICAL ENGINEERING,Directed,319,,,4
Bourne 2007,DISABILITY AND REHABILITATION,Directed,332,,,2
Bourne 2007,GAIT & POSTURE,Directed,853,,,1
Bourne 2007,INDIAN JOURNAL OF ORTHOPAEDICS,Directed,995,,,1
Bourne 2007,INTERNATIONAL JOURNAL OF ADVANCED ROBOTIC SYSTEMS,Directed,370,,,1
Bourne 2007,INTERNATIONAL ORTHOPAEDICS,Directed,434,,,1
Bourne 2007,JOURNAL OF APPLIED BIOMECHANICS,Directed,1123,,,1
Bourne 2007,JOURNAL OF BONE AND JOINT SURGERY,Directed,717,,,2
Bourne 2007,JOURNAL OF BURN CARE & RESEARCH,Directed,1048,,,1
Bourne 2007,JOURNAL OF ELECTROMYOGRAPHY AND KINESIOLOGY,Directed,177,,,2
Bourne 2007,JOURNAL OF HAND SURGERY,Directed,461,,,1
Bourne 2007,JOURNAL OF HAND THERAPY,Directed,947,,,1
Bourne 2007,JOURNAL OF REHABILITATION RESEARCH AND DEVELOPMENT,Directed,889,,,1
Bourne 2007,JOURNAL OF SPORT REHABILITATION,Directed,128,,,1
Bourne 2007,JOURNAL OF VISUALIZED EXPERIMENTS,Directed,625,,,1
Bourne 2007,MANUAL THERAPY,Directed,164,,,2
Bourne 2007,MILITARY MEDICINE,Directed,1133,,,1
Bourne 2007,PHYSICAL THERAPY IN SPORT,Directed,497,,,1
Bourne 2007,PROCEEDINGS OF THE INSTITUTION OF MECHANICAL ENGINEERS PART H-JOURNAL OF ENGINEERING IN MEDICINE,Directed,573,,,1
Bourne 2007,SPORTS BIOMECHANICS,Directed,395,,,1
Bourne 2007,TEXTILE RESEARCH JOURNAL,Directed,723,,,1
Bourne 2009,ANNALS OF BIOMEDICAL ENGINEERING,Directed,532,,,1
Bourne 2009,GAIT & POSTURE,Directed,751,,,1
Bourne 2009,JOURNAL OF ELECTROMYOGRAPHY AND KINESIOLOGY,Directed,1060,,,1
Bourne 2009,JOURNAL OF MEDICAL AND BIOLOGICAL ENGINEERING,Directed,587,,,1
Bourne 2009,KNEE SURGERY SPORTS TRAUMATOLOGY ARTHROSCOPY,Directed,94,,,1
Bourne 2009,MEDICAL & BIOLOGICAL ENGINEERING & COMPUTING,Directed,825,,,1
Bourne 2009,MEDICAL ENGINEERING & PHYSICS,Directed,384,,,2
Bourne 2011,CLINICAL PHYSIOLOGY AND FUNCTIONAL IMAGING,Directed,479,,,1
Bourne 2011,EUROPEAN JOURNAL OF SPORT SCIENCE,Directed,807,,,1
Bourne 2011,GAIT & POSTURE,Directed,929,,,1
Bourne 2011,JOURNAL OF APPLIED BIOMECHANICS,Directed,174,,,1
Bourne 2011,JOURNAL OF BIOMECHANICS,Directed,1062,,,4
Bourne 2011,JOURNAL OF CLINICAL MEDICINE,Directed,499,,,1
Bourne 2011,JOURNAL OF ELECTROMYOGRAPHY AND KINESIOLOGY,Directed,329,,,3
Bourne 2011,JOURNAL OF MEDICAL AND BIOLOGICAL ENGINEERING,Directed,381,,,1
Bourne 2011,MEDICAL ENGINEERING & PHYSICS,Directed,47,,,1
Bourne 2011,PLOS ONE,Directed,1056,,,1
Bourne 2011,REVISTA INTERNACIONAL DE METODOS NUMERICOS PARA CALCULO Y DISENO EN INGENIERIA,Directed,845,,,1
Bourne 2011,SENSORS,Directed,400,,,1
BRAZILIAN JOURNAL OF PHYSICAL THERAPY,Lang 2019,Directed,650,,,1
BREAST CANCER RESEARCH AND TREATMENT,Lang 2019,Directed,561,,,1
BRITISH JOURNAL OF SPORTS MEDICINE,Cutti 2014,Directed,490,,,1
BRITISH JOURNAL OF SPORTS MEDICINE,Lang 2019,Directed,336,,,3
BRITISH JOURNAL OF SPORTS MEDICINE,Michener 2016,Directed,702,,,2
BRITISH JOURNAL OF SPORTS MEDICINE,Prinold 2011,Directed,844,,,1
BRITISH JOURNAL OF SPORTS MEDICINE,Prinold 2013,Directed,92,,,1
BRITISH JOURNAL OF SPORTS MEDICINE,Rogowski 2014,Directed,135,,,1
BRITISH JOURNAL OF SPORTS MEDICINE,Ruiz Ibán 2020,Directed,120,,,1
BRITISH JOURNAL OF SPORTS MEDICINE,van den Noort 2014,Directed,290,,,1
BRITISH JOURNAL OF SPORTS MEDICINE,Warner 2015,Directed,822,,,1
BRITISH JOURNAL OF SURGERY,Michiels 1995,Directed,671,,,1
BRITISH MEDICAL JOURNAL,de Baets 2013,Directed,649,,,1
BRITISH MEDICAL JOURNAL,Lin 2005’,Directed,78,,,1
BRITISH MEDICAL JOURNAL,Lin 2005’’,Directed,429,,,1
CANADIAN ASSOCIATION OF RADIOLOGISTS JOURNAL,Bey 2006,Directed,160,,,1
CANADIAN JOURNAL OF APPLIED PHYSIOLOGY,Hajizadeh 2019,Directed,838,,,1
Cereatti 2015,BIOMEDICAL ENGINEERING ONLINE,Directed,59,,,1
Cereatti 2015,IEEE INTERNATIONAL SYMPOSIUM ON CONSUMER TECHNOLOGIES,Directed,738,,,1
Cereatti 2015,JOURNAL OF APPLIED BIOMECHANICS,Directed,380,,,1
Cereatti 2015,JOURNAL OF BIOMECHANICAL ENGINEERING,Directed,1084,,,1
Cereatti 2015,JOURNAL OF BIOMECHANICS,Directed,286,,,4
Cereatti 2015,JOURNAL OF ELECTROMYOGRAPHY AND KINESIOLOGY,Directed,636,,,1
CHILDS NERVOUS SYSTEM,Mahon 2017,Directed,459,,,1
CHINESE JOURNAL OF PHYSIOLOGY,Plummer 2018,Directed,598,,,1
Chu 2012,BMC SPORTS SCIENCE MEDICINE AND REHABILITATION,Directed,414,,,1
Chu 2012,GAIT & POSTURE,Directed,520,,,1
Chu 2012,JOURNAL OF APPLIED BIOMECHANICS,Directed,469,,,2
Chu 2012,JOURNAL OF ATHLETIC TRAINING,Directed,1085,,,1
Chu 2012,JOURNAL OF BIOMECHANICS,Directed,27,,,3
Chu 2012,JOURNAL OF BODYWORK AND MOVEMENT THERAPIES,Directed,610,,,1
Chu 2012,JOURNAL OF BONE AND JOINT SURGERY,Directed,360,,,1
Chu 2012,JOURNAL OF SCIENCE AND MEDICINE IN SPORT,Directed,327,,,1
Chu 2012,JOURNAL OF SHOULDER AND ELBOW SURGERY,Directed,427,,,1
Chu 2012,JOURNAL OF SPORT REHABILITATION,Directed,422,,,1
Chu 2012,KNEE SURGERY SPORTS TRAUMATOLOGY ARTHROSCOPY,Directed,317,,,1
Chu 2012,MEDICAL ENGINEERING & PHYSICS,Directed,8,,,1
Chu 2012,MULTIBODY SYSTEM DYNAMICS,Directed,178,,,1
Chu 2012,PERSONAL AND UBIQUITOUS COMPUTING,Directed,771,,,1
Chu 2012,PHYSICAL THERAPY IN SPORT,Directed,993,,,1
Chu 2012,PHYSIOLOGICAL MEASUREMENT,Directed,975,,,1
Chu 2012,SPORTS BIOMECHANICS,Directed,809,,,1
CLINICAL BIOMECHANICS,Alexander 2018,Directed,690,,,6
CLINICAL BIOMECHANICS,Bey 2006,Directed,731,,,4
CLINICAL BIOMECHANICS,Bourne 2007,Directed,304,,,4
CLINICAL BIOMECHANICS,Bourne 2009,Directed,403,,,2
CLINICAL BIOMECHANICS,Bourne 2011,Directed,385,,,7
CLINICAL BIOMECHANICS,Cereatti 2015,Directed,708,,,5
CLINICAL BIOMECHANICS,Chu 2012,Directed,737,,,5
CLINICAL BIOMECHANICS,Crosbie 2008,Directed,485,,,16
CLINICAL BIOMECHANICS,Cutti 2014,Directed,137,,,6
CLINICAL BIOMECHANICS,de Baets 2013,Directed,571,,,2
CLINICAL BIOMECHANICS,Fayad 2006,Directed,834,,,9
CLINICAL BIOMECHANICS,Finley 2003,Directed,683,,,3
CLINICAL BIOMECHANICS,Gonçalves 2019,Directed,501,,,1
CLINICAL BIOMECHANICS,Hajizadeh 2019,Directed,750,,,1
CLINICAL BIOMECHANICS,Höglund 2021,Directed,659,,,2
CLINICAL BIOMECHANICS,Jaspers 2011’’,Directed,76,,,2
CLINICAL BIOMECHANICS,Karduna 2001,Directed,423,,,8
CLINICAL BIOMECHANICS,Kolz 2020,Directed,337,,,1
CLINICAL BIOMECHANICS,Lang 2019,Directed,234,,,2
CLINICAL BIOMECHANICS,Lin 2005’,Directed,313,,,3
CLINICAL BIOMECHANICS,Lin 2005’’,Directed,277,,,4
CLINICAL BIOMECHANICS,Ludewig 2000,Directed,3,,,3
CLINICAL BIOMECHANICS,Mahon 2017,Directed,606,,,1
CLINICAL BIOMECHANICS,Massimini 2011,Directed,729,,,4
CLINICAL BIOMECHANICS,Meskers 2007,Directed,56,,,3
CLINICAL BIOMECHANICS,Michener 2016,Directed,511,,,1
CLINICAL BIOMECHANICS,Mozingo 2018,Directed,478,,,4
CLINICAL BIOMECHANICS,Myers 2006,Directed,359,,,9
CLINICAL BIOMECHANICS,Nicholson 2017,Directed,474,,,1
CLINICAL BIOMECHANICS,Nicholson 2019,Directed,325,,,1
CLINICAL BIOMECHANICS,Parel 2014,Directed,855,,,2
CLINICAL BIOMECHANICS,Plummer 2018,Directed,7,,,2
CLINICAL BIOMECHANICS,Prinold 2011,Directed,614,,,3
CLINICAL BIOMECHANICS,Prinold 2013,Directed,133,,,12
CLINICAL BIOMECHANICS,Richardson 2017,Directed,249,,,1
CLINICAL BIOMECHANICS,Roren 2015,Directed,451,,,4
CLINICAL BIOMECHANICS,Shaheen 2011’,Directed,754,,,3
CLINICAL BIOMECHANICS,Shaheen 2011’’,Directed,749,,,3
CLINICAL BIOMECHANICS,van den Noort 2014,Directed,546,,,2
CLINICAL BIOMECHANICS,Vanezis 2015,Directed,222,,,4
CLINICAL BIOMECHANICS,Warner 2015,Directed,493,,,4
CLINICAL BIOMECHANICS,Wolf 2019,Directed,341,,,1
CLINICAL BIOMECHANICS,Yildiz 2020,Directed,536,,,2
CLINICAL BIOMECHANICS,Zhu 2012,Directed,263,,,4
CLINICAL ORTHOPAEDICS AND RELATED RESEARCH,Bey 2006,Directed,798,,,6
CLINICAL ORTHOPAEDICS AND RELATED RESEARCH,Bourne 2007,Directed,467,,,1
CLINICAL ORTHOPAEDICS AND RELATED RESEARCH,Bourne 2011,Directed,603,,,1
CLINICAL ORTHOPAEDICS AND RELATED RESEARCH,Crosbie 2008,Directed,144,,,1
CLINICAL ORTHOPAEDICS AND RELATED RESEARCH,Illyés 2006,Directed,206,,,1
CLINICAL ORTHOPAEDICS AND RELATED RESEARCH,Karduna 2001,Directed,549,,,2
CLINICAL ORTHOPAEDICS AND RELATED RESEARCH,Lin 2005’,Directed,375,,,2
CLINICAL ORTHOPAEDICS AND RELATED RESEARCH,Ludewig 2000,Directed,17,,,2
CLINICAL ORTHOPAEDICS AND RELATED RESEARCH,Mozingo 2018,Directed,572,,,1
CLINICAL ORTHOPAEDICS AND RELATED RESEARCH,Prinold 2013,Directed,339,,,3
CLINICAL ORTHOPAEDICS AND RELATED RESEARCH,Roren 2015,Directed,670,,,1
CLINICAL ORTHOPAEDICS AND RELATED RESEARCH,Teece 2008,Directed,105,,,4
CLINICAL ORTHOPAEDICS AND RELATED RESEARCH,van den Noort 2014,Directed,184,,,1
CLINICAL ORTHOPAEDICS AND RELATED RESEARCH,Warner 2015,Directed,394,,,1
CLINICAL ORTHOPAEDICS AND RELATED RESEARCH,Zhu 2012,Directed,399,,,1
CLINICAL REHABILITATION,Bourne 2011,Directed,411,,,1
CLINICAL REHABILITATION,Herisson 2017,Directed,154,,,1
CLINICAL REHABILITATION,Mahon 2017,Directed,522,,,1
CLINICAL RHEUMATOLOGY,Wolf 2019,Directed,250,,,1
CLINICS IN SPORTS MEDICINE,Ludewig 2000,Directed,20,,,2
CLINICS IN SPORTS MEDICINE,Prinold 2013,Directed,376,,,1
COMPUTER METHODS IN BIOMECHANICS AND BIOMEDICAL ENGINEERING,Hajizadeh 2019,Directed,356,,,1
COMPUTER METHODS IN BIOMECHANICS AND BIOMEDICAL ENGINEERING,Herisson 2017,Directed,827,,,1
COMPUTER METHODS IN BIOMECHANICS AND BIOMEDICAL ENGINEERING,Parel 2014,Directed,173,,,1
COMPUTER METHODS IN BIOMECHANICS AND BIOMEDICAL ENGINEERING,Richardson 2017,Directed,190,,,1
COMPUTER METHODS IN BIOMECHANICS AND BIOMEDICAL ENGINEERING,Rogowski 2014,Directed,109,,,1
COMPUTER METHODS IN BIOMECHANICS AND BIOMEDICAL ENGINEERING,Roren 2013,Directed,604,,,1
COMPUTER METHODS IN BIOMECHANICS AND BIOMEDICAL ENGINEERING,Roren 2015,Directed,378,,,2
COMPUTER METHODS IN BIOMECHANICS AND BIOMEDICAL ENGINEERING,Shaheen 2011’,Directed,68,,,1
COMPUTERIZED MEDICAL IMAGING AND GRAPHICS,Mozingo 2018,Directed,111,,,1
Crosbie 2008,ACTA ORTHOPAEDICA,Directed,1124,,,1
Crosbie 2008,ANNALS OF PHYSICAL AND REHABILITATION MEDICINE,Directed,559,,,1
Crosbie 2008,ARCHIVES OF REHABILITATION,Directed,185,,,1
Crosbie 2008,BMC MUSCULOSKELETAL DISORDERS,Directed,1039,,,2
Crosbie 2008,BREAST CANCER,Directed,955,,,1
Crosbie 2008,COMPUTER METHODS IN BIOMECHANICS AND BIOMEDICAL ENGINEERING,Directed,958,,,1
Crosbie 2008,JOURNAL OF CHRONIC OBSTRUCTIVE PULMONARY DISEASE,Directed,775,,,1
Crosbie 2008,ERGONOMICS,Directed,334,,,2
Crosbie 2008,EUROPEAN JOURNAL OF PHYSICAL AND REHABILITATION MEDICINE,Directed,642,,,1
Crosbie 2008,GAIT & POSTURE,Directed,373,,,1
Crosbie 2008,GLAND SURGERY,Directed,1030,,,1
Crosbie 2008,IEEE/RSJ INTERNATIONAL CONFERENCE ON INTELLIGENT ROBOTS AND SYSTEMS,Directed,502,,,1
Crosbie 2008,INDIAN JOURNAL OF ORTHOPAEDICS,Directed,541,,,1
Crosbie 2008,INTERNATIONAL JOURNAL OF OSTEOPATHIC MEDICINE,Directed,292,,,1
Crosbie 2008,INTERNATIONAL ORTHOPAEDICS,Directed,689,,,1
Crosbie 2008,JOURNAL OF BIOMECHANICS,Directed,1010,,,3
Crosbie 2008,JOURNAL OF BODYWORK AND MOVEMENT THERAPIES,Directed,1136,,,1
Crosbie 2008,JOURNAL OF BONE AND JOINT SURGERY,Directed,1112,,,1
Crosbie 2008,JOURNAL OF CANCER SURVIVORSHIP,Directed,535,,,1
Crosbie 2008,JOURNAL OF ELECTROMYOGRAPHY AND KINESIOLOGY,Directed,1055,,,4
Crosbie 2008,JOURNAL OF HUMAN KINETICS,Directed,609,,,1
Crosbie 2008,JOURNAL OF MANIPULATIVE AND PHYSIOLOGICAL THERAPEUTICS,Directed,204,,,2
Crosbie 2008,JOURNAL OF MECHANISMS AND ROBOTICS,Directed,140,,,1
Crosbie 2008,JOURNAL OF NEUROENGINEERING AND REHABILITATION,Directed,278,,,1
Crosbie 2008,JOURNAL OF ORTHOPAEDIC & SPORTS PHYSICAL THERAPY,Directed,1045,,,2
Crosbie 2008,JOURNAL OF ORTHOPAEDIC SCIENCE,Directed,727,,,1
Crosbie 2008,JOURNAL OF SHOULDER AND ELBOW SURGERY,Directed,597,,,2
Crosbie 2008,JOURNAL OF SPORT REHABILITATION,Directed,363,,,1
Crosbie 2008,JOURNAL OF STRENGTH AND CONDITIONING RESEARCH,Directed,146,,,1
Crosbie 2008,MEDICINA DELLO SPORT,Directed,80,,,1
Crosbie 2008,MUSCLE & NERVE,Directed,547,,,1
Crosbie 2008,MUSCULOSKELETAL SCIENCE AND PRACTICE,Directed,890,,,2
Crosbie 2008,NEUROREHABILITATION AND NEURAL REPAIR,Directed,6,,,1
Crosbie 2008,PATHOLOGY & ONCOLOGY RESEARCH,Directed,55,,,1
Crosbie 2008,PEERJ,Directed,487,,,1
Crosbie 2008,PHYSICAL THERAPY,Directed,817,,,3
Crosbie 2008,PM&R,Directed,891,,,1
Crosbie 2008,REPORTS OF PRACTICAL ONCOLOGY AND RADIOTHERAPY,Directed,88,,,1
Crosbie 2008,JOURNAL OF THE SOCIÉTÉ INTERNATIONALE DE CHIRURGIE ORTHOPÉDIQUE ET DE TRAUMATOLOGIE,Directed,170,,,1
Crosbie 2008,SPINE,Directed,743,,,1
Crosbie 2008,TOPICS IN GERIATRIC REHABILITATION,Directed,1069,,,1
Crosbie 2008,TRANSLATIONAL SPORTS MEDICINE,Directed,669,,,1
Crosbie 2008,TURKISH JOURNAL OF PHYSIOTHERAPY REHABILITATION,Directed,978,,,1
CURRENT OPINION IN PEDIATRICS,Herisson 2017,Directed,326,,,1
CURRENT OPINION IN PEDIATRICS,Mahon 2017,Directed,701,,,1
CURRENT ORTHOPAEDICS,Prinold 2013,Directed,367,,,1
CURRENT PROBLEMS IN PEDIATRIC AND ADOLESCENT HEALTH CARE,Höglund 2021,Directed,121,,,1
CURRENT REVIEWS IN MUSCULOSKELETAL MEDICINE,Gonçalves 2019,Directed,883,,,1
Cutti 2008,ACM TRANSACTIONS ON SENSOR NETWORKS,Directed,324,,,1
Cutti 2008,ADVANCED MATERIALS DESIGN AND MECHANICS,Directed,496,,,1
Cutti 2008,ANNUAL INTERNATIONAL CONFERENCE OF THE IEEE ENGINEERING IN MEDICINE AND BIOLOGY SOCIETY,Directed,724,,,5
Cutti 2008,APPLIED BIONICS AND BIOMECHANICS,Directed,208,,,2
Cutti 2008,APPLIED ERGONOMICS,Directed,618,,,1
Cutti 2008,BIOINFORMATICS AND BIOMEDICAL ENGINEERING,Directed,504,,,1
Cutti 2008,BIOMED RESEARCH INTERNATIONAL,Directed,681,,,1
Cutti 2008,BIOMEDICAL ENGINEERING ONLINE,Directed,519,,,2
Cutti 2008,BIOMEDICAL SIGNAL PROCESSING AND CONTROL,Directed,634,,,1
Cutti 2008,BMC MUSCULOSKELETAL DISORDERS,Directed,1096,,,4
Cutti 2008,CLINICAL BIOMECHANICS,Directed,69,,,4
Cutti 2008,COMPUTER METHODS IN BIOMECHANICS AND BIOMEDICAL ENGINEERING,Directed,201,,,2
Cutti 2008,DISABILITY AND REHABILITATION,Directed,482,,,1
Cutti 2008,ELECTRONICS,Directed,579,,,1
Cutti 2008,ERGONOMICS,Directed,462,,,3
Cutti 2008,EUROPEAN JOURNAL OF PHYSICAL AND REHABILITATION MEDICINE,Directed,282,,,1
Cutti 2008,EXPERT REVIEW OF MEDICAL DEVICES,Directed,50,,,1
Cutti 2008,FRONTIERS IN BIOENGINEERING AND BIOTECHNOLOGY,Directed,294,,,1
Cutti 2008,GAIT & POSTURE,Directed,1101,,,8
Cutti 2008,HUMAN FACTORS,Directed,421,,,1
Cutti 2008,HUMAN MOVEMENT SCIENCE,Directed,730,,,1
Cutti 2008,IEEE CONGRESS ON EVOLUTIONARY COMPUTATION,Directed,489,,,1
Cutti 2008,IEEE EMBS INTERNATIONAL CONFERENCE ON BIOMEDICAL AND HEALTH INFORMATICS,Directed,619,,,1
Cutti 2008,IEEE INTERNATIONAL CONFERENCE ON ELECTRONICS AND NANOTECHNOLOGY,Directed,244,,,1
Cutti 2008,IEEE INTERNATIONAL CONFERENCE ON INDUSTRIAL TECHNOLOGY,Directed,1126,,,1
Cutti 2008,IEEE INTERNATIONAL CONFERENCE ON ROBOTICS AND AUTOMATION,Directed,95,,,2
Cutti 2008,IEEE INTERNATIONAL CONFERENCE ON SYSTEMS MAN AND CYBERNETICS,Directed,630,,,1
Cutti 2008,IEEE INTERNATIONAL CONFERENCE ON WEARABLE AND IMPLANTABLE BODY SENSOR NETWORKS,Directed,1105,,,1
Cutti 2008,IEEE INTERNATIONAL SYMPOSIUM ON INERTIAL SENSORS & SYSTEMS,Directed,925,,,1
Cutti 2008,IEEE INTERNATIONAL SYMPOSIUM ON MIXED AND AUGMENTED REALITY,Directed,1099,,,1
Cutti 2008,IEEE INTERNATIONAL SYMPOSIUM ON ROBOTICS AND MANUFACTURING AUTOMATION,Directed,1139,,,1
Cutti 2008,IEEE INTERNATIONAL WORKSHOP ON ADVANCES IN SENSORS AND INTERFACES,Directed,540,,,1
Cutti 2008,IEEE JOURNAL OF BIOMEDICAL AND HEALTH INFORMATICS,Directed,347,,,2
Cutti 2008,IEEE SENSORS JOURNAL,Directed,450,,,1
Cutti 2008,IEEE TRANSACTIONS ON INSTRUMENTATION AND MEASUREMENT,Directed,311,,,1
Cutti 2008,IEEE TRANSACTIONS ON NEURAL SYSTEMS AND REHABILITATION ENGINEERING,Directed,921,,,2
Cutti 2008,IEEE/ASME INTERNATIONAL CONFERENCE ON ADVANCED INTELLIGENT MECHATRONICS: MECHATRONICS FOR HUMAN WELLBEING,Directed,22,,,1
Cutti 2008,IISE TRANSACTIONS ON OCCUPATIONAL ERGONOMICS & HUMAN FACTORS,Directed,379,,,1
Cutti 2008,INTERNATIONAL CONFERENCE ON INFORMATION FUSION,Directed,923,,,1
Cutti 2008,INTERNATIONAL CONFERENCE ON UBIQUITOUS AND FUTURE NETWORKS,Directed,452,,,1
Cutti 2008,INTERNATIONAL JOURNAL OF DISTRIBUTED SENSOR NETWORKS,Directed,1090,,,1
Cutti 2008,INTERNATIONAL JOURNAL OF ENVIRONMENTAL RESEARCH AND PUBLIC HEALTH,Directed,39,,,1
Cutti 2008,INTERNATIONAL JOURNAL OF INDUSTRIAL ERGONOMICS,Directed,960,,,1
Cutti 2008,JOURNAL OF APPLIED BIOMECHANICS,Directed,506,,,2
Cutti 2008,JOURNAL OF BIOMECHANICAL ENGINEERING,Directed,125,,,1
Cutti 2008,JOURNAL OF ELECTROMYOGRAPHY AND KINESIOLOGY,Directed,102,,,2
Cutti 2008,JOURNAL OF EXERCISE REHABILITATION,Directed,954,,,1
Cutti 2008,JOURNAL OF MANIPULATIVE AND PHYSIOLOGICAL THERAPEUTICS,Directed,866,,,1
Cutti 2008,JOURNAL OF NEUROENGINEERING AND REHABILITATION,Directed,905,,,3
Cutti 2008,JOURNAL OF NEUROSURGERY-SPINE,Directed,488,,,1
Cutti 2008,JOURNAL OF SHOULDER AND ELBOW SURGERY,Directed,543,,,1
Cutti 2008,JOURNAL OF SPORTS SCIENCE AND MEDICINE,Directed,271,,,1
Cutti 2008,JOURNAL OF SPORTS SCIENCES,Directed,433,,,3
Cutti 2008,KNEE SURGERY SPORTS TRAUMATOLOGY ARTHROSCOPY,Directed,207,,,1
Cutti 2008,MEASUREMENT,Directed,153,,,5
Cutti 2008,MEDICAL & BIOLOGICAL ENGINEERING & COMPUTING,Directed,512,,,11
Cutti 2008,MEDICAL ENGINEERING & PHYSICS,Directed,763,,,2
Cutti 2008,PROCEEDINGS OF THE ANNUAL INTERNATIONAL CONFERENCE ON MOBILE COMPUTING AND NETWORKING,Directed,470,,,1
Cutti 2008,MOTOR CONTROL,Directed,437,,,1
Cutti 2008,MULTIBODY SYSTEM DYNAMICS,Directed,912,,,1
Cutti 2008,OPERATIVE NEUROSURGERY,Directed,353,,,1
Cutti 2008,PLOS ONE,Directed,556,,,4
Cutti 2008,PROCEEDINGS OF THE INSTITUTION OF MECHANICAL ENGINEERS PART H-JOURNAL OF ENGINEERING IN MEDICINE,Directed,465,,,1
Cutti 2008,SCIENTIFIC REPORTS,Directed,657,,,1
Cutti 2008,SENSORS AND SMART STRUCTURES TECHNOLOGIES FOR CIVIL MECHANICAL AND AEROSPACE SYSTEMS,Directed,1042,,,1
Cutti 2008,SPORTS BIOMECHANICS,Directed,551,,,2
Cutti 2008,SPORTS MEDICINE-OPEN,Directed,804,,,1
Cutti 2008,UNMANNED SYSTEMS,Directed,868,,,1
Cutti 2008,WORLD NEUROSURGERY,Directed,989,,,1
Cutti 2014,BIOMEDICAL SIGNAL PROCESSING AND CONTROL,Directed,463,,,1
Cutti 2014,BMC MUSCULOSKELETAL DISORDERS,Directed,53,,,1
Cutti 2014,CLINICAL BIOMECHANICS,Directed,196,,,1
Cutti 2014,FRONTIERS IN BIOENGINEERING AND BIOTECHNOLOGY,Directed,704,,,1
Cutti 2014,GAIT & POSTURE,Directed,1016,,,1
Cutti 2014,INTERNATIONAL ORTHOPAEDICS,Directed,850,,,1
Cutti 2014,JOURNAL OF BIOMECHANICS,Directed,801,,,2
Cutti 2014,JOURNAL OF ELECTROMYOGRAPHY AND KINESIOLOGY,Directed,796,,,1
Cutti 2014,KNEE SURGERY SPORTS TRAUMATOLOGY ARTHROSCOPY,Directed,254,,,1
de Baets 2013,BMC NEUROLOGY,Directed,1081,,,1
de Baets 2013,FRONTIERS IN NEUROLOGY,Directed,404,,,1
de Baets 2013,GAIT & POSTURE,Directed,693,,,1
de Baets 2013,JOURNAL OF BIOMECHANICS,Directed,787,,,1
de Baets 2013,JOURNAL OF ELECTROMYOGRAPHY AND KINESIOLOGY,Directed,967,,,1
de Baets 2013,PLOS ONE,Directed,224,,,1
de Baets 2020,SENSORS,Directed,785,,,2
de Baets 2020,TURKISH JOURNAL OF PHYSICAL MEDICINE AND REHABILITATION,Directed,982,,,1
DEVELOPMENTAL MEDICINE AND CHILD NEUROLOGY,Herisson 2017,Directed,233,,,1
DEVELOPMENTAL MEDICINE AND CHILD NEUROLOGY,Höglund 2021,Directed,129,,,1
DEVELOPMENTAL MEDICINE AND CHILD NEUROLOGY,Jaspers 2011’’,Directed,448,,,2
DEVELOPMENTAL MEDICINE AND CHILD NEUROLOGY,Vanezis 2015,Directed,126,,,2
DISABILITY AND REHABILITATION,Hansen 2019,Directed,653,,,3
DISABILITY AND REHABILITATION,Lin 2005’,Directed,644,,,1
DISABILITY AND REHABILITATION,Lin 2005’’,Directed,255,,,1
GAIT & POSTURE,Hajizadeh 2019,Directed,157,,,1
EQUINE VETERINARY JOURNAL,Karduna 2001,Directed,97,,,1
ERGONOMICS,Ludewig 2000,Directed,21,,,1
EURASIP JOURNAL ON ADVANCES IN SIGNAL PROCESSING,Massimini 2011,Directed,756,,,1
EXPERIMENTAL BRAIN RESEARCH,Fayad 2006,Directed,665,,,1
EXPERIMENTAL BRAIN RESEARCH,Hajizadeh 2019,Directed,193,,,1
EXPERIMENTAL BRAIN RESEARCH,Jaspers 2011’,Directed,507,,,2
EXPERIMENTAL BRAIN RESEARCH,Prinold 2013,Directed,797,,,1
EXPERIMENTAL BRAIN RESEARCH,Roren 2015,Directed,148,,,1
Fayad 2006,AMERICAN JOURNAL OF PHYSICAL ANTHROPOLOGY,Directed,1071,,,1
Fayad 2006,ARCHIVES OF ORTHOPAEDIC AND TRAUMA SURGERY,Directed,289,,,1
Fayad 2006,ARCHIVES OF REHABILITATION,Directed,952,,,1
Fayad 2006,BRAIN RESEARCH,Directed,321,,,1
Fayad 2006,CLINICAL BIOMECHANICS,Directed,1063,,,4
Fayad 2006,DISABILITY AND REHABILITATION,Directed,413,,,1
Fayad 2006,EUROPEAN JOURNAL OF PHYSICAL AND REHABILITATION MEDICINE,Directed,555,,,1
Fayad 2006,HUMAN MOVEMENT SCIENCE,Directed,998,,,1
Fayad 2006,INTERNATIONAL JOURNAL OF SPORTS PHYSICAL THERAPY,Directed,141,,,1
Fayad 2006,IRANIAN JOURNAL OF RADIOLOGY,Directed,84,,,1
Fayad 2006,JOURNAL OF APPLIED BIOMECHANICS,Directed,728,,,2
Fayad 2006,JOURNAL OF BIOMECHANICS,Directed,166,,,9
Fayad 2006,JOURNAL OF HAND THERAPY,Directed,458,,,1
Fayad 2006,JOURNAL OF MEDICAL AND BIOLOGICAL ENGINEERING,Directed,221,,,1
Fayad 2006,JOURNAL OF ORTHOPAEDIC & SPORTS PHYSICAL THERAPY,Directed,476,,,1
Fayad 2006,JOURNAL OF ORTHOPAEDIC SCIENCE,Directed,1026,,,1
Fayad 2006,JOURNAL OF REHABILITATION AND ASSISTIVE TECHNOLOGIES ENGINEERING,Directed,917,,,1
Fayad 2006,JOURNAL OF REHABILITATION MEDICINE,Directed,1047,,,1
Fayad 2006,JOURNAL OF SHOULDER AND ELBOW SURGERY,Directed,1097,,,1
Fayad 2006,JOURNAL OF SPORT REHABILITATION,Directed,419,,,2
Fayad 2006,MEDICAL ENGINEERING & PHYSICS,Directed,664,,,1
Fayad 2006,MOTOR CONTROL,Directed,959,,,1
Fayad 2006,MUSCULOSKELETAL SCIENCE AND PRACTICE,Directed,977,,,1
Fayad 2006,PHYSICAL THERAPY,Directed,1121,,,1
Fayad 2006,PHYSICAL THERAPY IN SPORT,Directed,994,,,1
Fayad 2006,PRESSE MEDICALE,Directed,186,,,1
Fayad 2006,REVISTA INTERNACIONAL DE METODOS NUMERICOS PARA CALCULO Y DISENO EN INGENIERIA,Directed,766,,,1
Fayad 2006,SPRINGERPLUS,Directed,291,,,1
Finley 2003,AMERICAN JOURNAL OF SPORTS MEDICINE,Directed,767,,,3
Finley 2003,ANNALS OF BIOMEDICAL ENGINEERING,Directed,318,,,1
Finley 2003,ARCHIVES OF PHYSICAL MEDICINE AND REHABILITATION,Directed,881,,,2
Finley 2003,ATHLETIC THERAPY TODAY,Directed,122,,,1
Finley 2003,BMC MUSCULOSKELETAL DISORDERS,Directed,557,,,2
Finley 2003,BRAIN RESEARCH,Directed,533,,,1
Finley 2003,CLINICAL BIOMECHANICS,Directed,841,,,6
Finley 2003,CLINICAL NEUROPHYSIOLOGY,Directed,58,,,1
Finley 2003,COMPUTER METHODS IN BIOMECHANICS AND BIOMEDICAL ENGINEERING,Directed,753,,,3
Finley 2003,EUROPEAN JOURNAL OF APPLIED PHYSIOLOGY,Directed,149,,,1
Finley 2003,GAIT & POSTURE,Directed,41,,,1
Finley 2003,GAZZETTA MEDICA ITALIANA ARCHIVIO PER LE SCIENZE MEDICHE,Directed,203,,,1
Finley 2003,HEALTHCARE,Directed,792,,,1
Finley 2003,HUMAN MOVEMENT SCIENCE,Directed,1053,,,2
Finley 2003,IEEE SENSORS JOURNAL,Directed,1,,,1
Finley 2003,INTERNATIONAL ARCHIVES OF OCCUPATIONAL AND ENVIRONMENTAL HEALTH,Directed,874,,,1
Finley 2003,INTERNATIONAL JOURNAL OF ENVIRONMENTAL RESEARCH AND PUBLIC HEALTH,Directed,342,,,1
Finley 2003,INTERNATIONAL JOURNAL OF OCCUPATIONAL SAFETY AND ERGONOMICS,Directed,18,,,1
Finley 2003,INTERNATIONAL JOURNAL OF REHABILITATION RESEARCH,Directed,401,,,1
Finley 2003,INTERNATIONAL JOURNAL OF SPORTS PHYSICAL THERAPY,Directed,213,,,2
Finley 2003,INTERNATIONAL ORTHOPAEDICS,Directed,719,,,1
Finley 2003,JOURNAL OF APPLIED BIOMECHANICS,Directed,645,,,4
Finley 2003,JOURNAL OF ATHLETIC TRAINING,Directed,854,,,3
Finley 2003,JOURNAL OF BACK AND MUSCULOSKELETAL REHABILITATION,Directed,239,,,3
Finley 2003,JOURNAL OF BODYWORK AND MOVEMENT THERAPIES,Directed,60,,,2
Finley 2003,JOURNAL OF CHIROPRACTIC MEDICINE,Directed,884,,,1
Finley 2003,JOURNAL OF ELECTROMYOGRAPHY AND KINESIOLOGY,Directed,794,,,6
Finley 2003,JOURNAL OF HUMAN KINETICS,Directed,860,,,1
Finley 2003,JOURNAL OF MANIPULATIVE AND PHYSIOLOGICAL THERAPEUTICS,Directed,1009,,,3
Finley 2003,JOURNAL OF ORTHOPAEDIC & SPORTS PHYSICAL THERAPY,Directed,274,,,3
Finley 2003,JOURNAL OF PHYSICAL THERAPY SCIENCE,Directed,1093,,,1
Finley 2003,JOURNAL OF SPINAL CORD MEDICINE,Directed,371,,,1
Finley 2003,KNEE SURGERY SPORTS TRAUMATOLOGY ARTHROSCOPY,Directed,219,,,1
Finley 2003,MEDICAL & BIOLOGICAL ENGINEERING & COMPUTING,Directed,627,,,1
Finley 2003,MEDICINA DELLO SPORT,Directed,574,,,2
Finley 2003,NEUROLOGY INDIA,Directed,267,,,1
Finley 2003,OPTOMECHATRONIC ACTUATORS MANIPULATION AND SYSTEMS CONTROL,Directed,227,,,1
Finley 2003,PHYSICAL THERAPY,Directed,864,,,2
Finley 2003,PHYSICAL THERAPY IN SPORT,Directed,1018,,,1
Finley 2003,PHYSIOTHERAPY THEORY AND PRACTICE,Directed,870,,,1
Finley 2003,PM&R,Directed,211,,,1
Finley 2003,IEEE INTERNATIONAL CONFERENCE ON MECHANICAL AND INTELLIGENT MANUFACTURING TECHNOLOGIES,Directed,924,,,1
Finley 2003,PROSTHETICS AND ORTHOTICS INTERNATIONAL,Directed,243,,,1
Finley 2003,REVISTA INTERNACIONAL DE MEDICINA Y CIENCIAS DE LA ACTIVIDAD FISICA Y DEL DEPORTE,Directed,1008,,,1
Finley 2003,SCANDINAVIAN JOURNAL OF MEDICINE & SCIENCE IN SPORTS,Directed,279,,,1
Finley 2003,SPORTS MEDICINE AND ARTHROSCOPY REVIEW,Directed,913,,,1
Finley 2003,SYMPOSIUM ON VIRTUAL AND AUGMENTED REALITY,Directed,676,,,1
FRONTIERS IN COMPUTATIONAL NEUROSCIENCE,Roren 2015,Directed,544,,,1
GAIT & POSTURE,Cutti 2008,Directed,867,,,1
GAIT & POSTURE,de Baets 2013,Directed,575,,,3
GAIT & POSTURE,de Baets 2020,Directed,333,,,3
GAIT & POSTURE,Hansen 2019,Directed,760,,,3
GAIT & POSTURE,Herisson 2017,Directed,558,,,2
GAIT & POSTURE,Jaspers 2011’,Directed,784,,,10
GAIT & POSTURE,Jaspers 2011’’,Directed,231,,,8
GAIT & POSTURE,Lang 2019,Directed,240,,,1
GAIT & POSTURE,Mahon 2017,Directed,480,,,10
GAIT & POSTURE,Massimini 2011,Directed,831,,,1
GAIT & POSTURE,Nicholson 2017,Directed,661,,,2
GAIT & POSTURE,Prinold 2011,Directed,323,,,1
GAIT & POSTURE,Richardson 2017,Directed,583,,,1
GAIT & POSTURE,Roren 2013,Directed,420,,,2
GAIT & POSTURE,Shaheen 2011’,Directed,37,,,1
GAIT & POSTURE,Shaheen 2011’’,Directed,29,,,1
GAIT & POSTURE,van den Noort 2014,Directed,276,,,5
GAIT & POSTURE,Warner 2015,Directed,31,,,2
GAIT & POSTURE,Wolf 2019,Directed,107,,,3
Gonçalves 2019,JOURNAL OF BIOMECHANICS,Directed,481,,,1
Haik 2014,ACTA ORTHOPAEDICA ET TRAUMATOLOGICA TURCICA,Directed,1083,,,1
Haik 2014,ARCHIVES OF PHYSICAL MEDICINE AND REHABILITATION,Directed,486,,,2
Haik 2014,BRAZILIAN JOURNAL OF PHYSICAL THERAPY,Directed,386,,,5
Haik 2014,CLINICAL BIOMECHANICS,Directed,1137,,,7
Haik 2014,HUMAN MOVEMENT SCIENCE,Directed,1100,,,1
Haik 2014,INTERNATIONAL JOURNAL OF ENVIRONMENTAL RESEARCH AND PUBLIC HEALTH,Directed,777,,,1
Haik 2014,JOURNAL OF APPLIED BIOMECHANICS,Directed,677,,,3
Haik 2014,JOURNAL OF ATHLETIC TRAINING,Directed,265,,,1
Haik 2014,JOURNAL OF BODYWORK AND MOVEMENT THERAPIES,Directed,632,,,3
Haik 2014,JOURNAL OF ELECTROMYOGRAPHY AND KINESIOLOGY,Directed,16,,,2
Haik 2014,JOURNAL OF HAND THERAPY,Directed,894,,,1
Haik 2014,JOURNAL OF MANIPULATIVE AND PHYSIOLOGICAL THERAPEUTICS,Directed,899,,,1
Haik 2014,JOURNAL OF ORTHOPAEDIC SCIENCE,Directed,987,,,1
Haik 2014,KNEE SURGERY SPORTS TRAUMATOLOGY ARTHROSCOPY,Directed,301,,,1
Haik 2014,MUSCULOSKELETAL SCIENCE AND PRACTICE,Directed,256,,,1
Haik 2014,PHYSICAL THERAPY,Directed,1037,,,1
Haik 2014,PHYSICAL THERAPY IN SPORT,Directed,816,,,1
Haik 2014,PHYSIOTHERAPY THEORY AND PRACTICE,Directed,89,,,1
Hansen 2019,JOURNAL OF NEUROENGINEERING AND REHABILITATION,Directed,1006,,,1
Hansen 2019,MEDICAL ENGINEERING & PHYSICS,Directed,876,,,1
HEFTE ZUR UNFALLHEILKUNDE,Michiels 1995,Directed,713,,,1
Herisson 2017,CLINICAL BIOMECHANICS,Directed,398,,,2
Herisson 2017,INTERNATIONAL JOURNAL OF THERAPY AND REHABILITATION,Directed,823,,,1
Höglund 2021,JOURNAL OF NEUROENGINEERING AND REHABILITATION,Directed,158,,,1
Höglund 2021,SENSORS,Directed,477,,,4
HUMAN MOVEMENT SCIENCE,Alexander 2018,Directed,350,,,1
HUMAN MOVEMENT SCIENCE,Cereatti 2015,Directed,588,,,2
HUMAN MOVEMENT SCIENCE,Karduna 2001,Directed,568,,,2
HUMAN MOVEMENT SCIENCE,Lang 2019,Directed,281,,,2
HUMAN MOVEMENT SCIENCE,Nicholson 2019,Directed,858,,,1
IEEE AEROSPACE AND ELECTRONIC SYSTEMS MAGAZINE,Höglund 2021,Directed,744,,,1
IEEE TRANSACTIONS ON BIOMEDICAL ENGINEERING,Prinold 2011,Directed,774,,,1
IEEE TRANSACTIONS ON BIOMEDICAL ENGINEERING,Richardson 2017,Directed,209,,,1
IEEE TRANSACTIONS ON BIOMEDICAL ENGINEERING,Zhu 2012,Directed,815,,,1
IEEE TRANSACTIONS ON MEDICAL IMAGING,Zhu 2012,Directed,814,,,1
IEEE TRANSACTIONS ON ROBOTICS AND AUTOMATION,Roren 2015,Directed,181,,,1
Illyés 2006,BMC MUSCULOSKELETAL DISORDERS,Directed,11,,,1
Illyés 2006,BMJ OPEN,Directed,615,,,1
Illyés 2006,CHILDHOOD OBESITY,Directed,449,,,1
Illyés 2006,JOURNAL OF BIOMECHANICAL ENGINEERING,Directed,932,,,1
Illyés 2006,JOURNAL OF BIOMECHANICS,Directed,415,,,3
Illyés 2006,JOURNAL OF ELECTROMYOGRAPHY AND KINESIOLOGY,Directed,217,,,3
Illyés 2006,JOURNAL OF SHOULDER AND ELBOW SURGERY,Directed,569,,,2
Illyés 2006,PHYSIOTHERAPY,Directed,1098,,,1
INJURY-INTERNATIONAL JOURNAL OF THE CARE OF THE INJURED,Cutti 2014,Directed,197,,,1
INTERNATIONAL JOURNAL OF SPORT BIOMECHANICS,Rogowski 2014,Directed,888,,,1
INTERNATIONAL JOURNAL OF STROKE,Hansen 2019,Directed,516,,,1
INVESTIGATIVE RADIOLOGY,Bey 2006,Directed,829,,,1
JOURNAL OF BONE AND JOINT SURGERY,Michiels 1995,Directed,285,,,1
JAMA-JOURNAL OF THE AMERICAN MEDICAL ASSOCIATION,Hansen 2019,Directed,839,,,1
Jaspers 2011’,ANNALS OF PHYSICAL AND REHABILITATION MEDICINE,Directed,811,,,2
Jaspers 2011’,ARCHIVES OF PHYSICAL MEDICINE AND REHABILITATION,Directed,1059,,,1
Jaspers 2011’,BMC NEUROLOGY,Directed,1020,,,1
Jaspers 2011’,BURNS,Directed,984,,,1
Jaspers 2011’,EUROPEAN JOURNAL OF PAEDIATRIC NEUROLOGY,Directed,781,,,1
Jaspers 2011’,FRONTIERS IN BIOENGINEERING AND BIOTECHNOLOGY,Directed,548,,,1
Jaspers 2011’,FRONTIERS IN HUMAN NEUROSCIENCE,Directed,622,,,1
Jaspers 2011’,GAIT & POSTURE,Directed,999,,,5
Jaspers 2011’,INFANT BEHAVIOR & DEVELOPMENT,Directed,226,,,1
Jaspers 2011’,JOURNAL OF HAND SURGERY,Directed,992,,,1
Jaspers 2011’,JOURNAL OF MEDICAL AND BIOLOGICAL ENGINEERING,Directed,70,,,1
Jaspers 2011’,JOURNAL OF MEDICAL SYSTEMS,Directed,946,,,1
Jaspers 2011’,JOURNAL OF NEUROENGINEERING AND REHABILITATION,Directed,431,,,1
Jaspers 2011’,MEDICAL ENGINEERING & PHYSICS,Directed,296,,,1
Jaspers 2011’,NEUROMUSCULAR DISORDERS,Directed,562,,,1
Jaspers 2011’,PROCEEDINGS OF THE INSTITUTION OF MECHANICAL ENGINEERS PART H-JOURNAL OF ENGINEERING IN MEDICINE,Directed,567,,,1
Jaspers 2011’,RESEARCH IN DEVELOPMENTAL DISABILITIES,Directed,30,,,1
Jaspers 2011’,SCIENTIFIC REPORTS,Directed,340,,,2
Jaspers 2011’,SPORTS BIOMECHANICS,Directed,138,,,1
Jaspers 2011’’,ANNALS OF BIOMEDICAL ENGINEERING,Directed,895,,,1
Jaspers 2011’’,ANNALS OF PHYSICAL AND REHABILITATION MEDICINE,Directed,605,,,2
Jaspers 2011’’,APPLIED BIONICS AND BIOMECHANICS,Directed,812,,,1
Jaspers 2011’’,BIOMED RESEARCH INTERNATIONAL,Directed,980,,,1
Jaspers 2011’’,BURNS,Directed,1104,,,1
Jaspers 2011’’,CHILDS NERVOUS SYSTEM,Directed,1057,,,1
Jaspers 2011’’,CLINICAL BIOMECHANICS,Directed,101,,,2
Jaspers 2011’’,DEVELOPMENTAL MEDICINE AND CHILD NEUROLOGY,Directed,542,,,1
Jaspers 2011’’,EUROPEAN JOURNAL OF PAEDIATRIC NEUROLOGY,Directed,926,,,1
Jaspers 2011’’,GAIT & POSTURE,Directed,307,,,6
Jaspers 2011’’,JOURNAL OF BIOMECHANICS,Directed,856,,,2
Jaspers 2011’’,JOURNAL OF NEUROENGINEERING AND REHABILITATION,Directed,513,,,2
Jaspers 2011’’,JOURNAL OF REHABILITATION MEDICINE,Directed,362,,,1
Jaspers 2011’’,NEUROREHABILITATION,Directed,759,,,1
Jaspers 2011’’,NEUROREHABILITATION AND NEURAL REPAIR,Directed,714,,,1
Jaspers 2011’’,PHYSIOLOGICAL MEASUREMENT,Directed,410,,,1
Jaspers 2011’’,PLOS ONE,Directed,761,,,1
Jaspers 2011’’,PROCEEDINGS OF THE INSTITUTION OF MECHANICAL ENGINEERS PART H-JOURNAL OF ENGINEERING IN MEDICINE,Directed,963,,,1
Jaspers 2011’’,SCIENTIFIC REPORTS,Directed,407,,,1
JOURNAL OF APPLIED BIOMECHANICS,Chu 2012,Directed,389,,,1
JOURNAL OF APPLIED BIOMECHANICS,Crosbie 2008,Directed,586,,,1
JOURNAL OF APPLIED BIOMECHANICS,Fayad 2006,Directed,601,,,1
JOURNAL OF APPLIED BIOMECHANICS,Gonçalves 2019,Directed,803,,,1
JOURNAL OF APPLIED BIOMECHANICS,Höglund 2021,Directed,826,,,1
JOURNAL OF APPLIED BIOMECHANICS,Karduna 2001,Directed,813,,,1
JOURNAL OF APPLIED BIOMECHANICS,Kolz 2020,Directed,388,,,3
JOURNAL OF APPLIED BIOMECHANICS,Michener 2016,Directed,215,,,1
JOURNAL OF APPLIED BIOMECHANICS,Myers 2006,Directed,580,,,1
JOURNAL OF APPLIED BIOMECHANICS,Prinold 2011,Directed,81,,,1
JOURNAL OF APPLIED BIOMECHANICS,Prinold 2013,Directed,560,,,1
JOURNAL OF APPLIED BIOMECHANICS,Richardson 2017,Directed,442,,,1
JOURNAL OF APPLIED BIOMECHANICS,Rogowski 2014,Directed,875,,,2
JOURNAL OF APPLIED BIOMECHANICS,Roren 2015,Directed,49,,,2
JOURNAL OF APPLIED BIOMECHANICS,Thigpen 2005,Directed,75,,,1
JOURNAL OF APPLIED BIOMECHANICS,Yildiz 2020,Directed,237,,,1
JOURNAL OF ATHLETIC TRAINING,Michener 2016,Directed,108,,,1
JOURNAL OF ATHLETIC TRAINING,Plummer 2018,Directed,447,,,1
JOURNAL OF ATHLETIC TRAINING,Rogowski 2014,Directed,565,,,1
JOURNAL OF ATHLETIC TRAINING,van den Noort 2014,Directed,762,,,2
JOURNAL OF BIOMECHANICAL ENGINEERING,Akbari-Shandiz 2019,Directed,852,,,1
JOURNAL OF BIOMECHANICAL ENGINEERING,Bey 2006,Directed,828,,,3
JOURNAL OF BIOMECHANICAL ENGINEERING,Bourne 2011,Directed,445,,,2
JOURNAL OF BIOMECHANICAL ENGINEERING,Chu 2012,Directed,537,,,2
JOURNAL OF BIOMECHANICAL ENGINEERING,Cutti 2014,Directed,352,,,1
JOURNAL OF BIOMECHANICAL ENGINEERING,Fayad 2006,Directed,264,,,2
JOURNAL OF BIOMECHANICAL ENGINEERING,Herisson 2017,Directed,582,,,1
JOURNAL OF BIOMECHANICAL ENGINEERING,Illyés 2006,Directed,742,,,1
JOURNAL OF BIOMECHANICAL ENGINEERING,Karduna 2001,Directed,118,,,2
JOURNAL OF BIOMECHANICAL ENGINEERING,Koh 1998,Directed,335,,,1
JOURNAL OF BIOMECHANICAL ENGINEERING,Lang 2019,Directed,684,,,1
JOURNAL OF BIOMECHANICAL ENGINEERING,Lin 2005’,Directed,624,,,1
JOURNAL OF BIOMECHANICAL ENGINEERING,Lin 2005’’,Directed,236,,,1
JOURNAL OF BIOMECHANICAL ENGINEERING,Meskers 2007,Directed,171,,,1
JOURNAL OF BIOMECHANICAL ENGINEERING,Michener 2016,Directed,412,,,1
JOURNAL OF BIOMECHANICAL ENGINEERING,Myers 2006,Directed,28,,,1
JOURNAL OF BIOMECHANICAL ENGINEERING,Nicholson 2017,Directed,309,,,2
JOURNAL OF BIOMECHANICAL ENGINEERING,Nicholson 2019,Directed,54,,,2
JOURNAL OF BIOMECHANICAL ENGINEERING,Prinold 2013,Directed,430,,,1
JOURNAL OF BIOMECHANICAL ENGINEERING,Roren 2013,Directed,668,,,1
JOURNAL OF BIOMECHANICAL ENGINEERING,Shaheen 2011’,Directed,651,,,1
JOURNAL OF BIOMECHANICAL ENGINEERING,Shaheen 2011’’,Directed,172,,,1
JOURNAL OF BIOMECHANICAL ENGINEERING,van den Noort 2014,Directed,33,,,1
JOURNAL OF BIOMECHANICAL ENGINEERING,Zhu 2012,Directed,176,,,4
JOURNAL OF BIOMECHANICS,Bey 2006,Directed,869,,,8
JOURNAL OF BIOMECHANICS,Bourne 2007,Directed,302,,,4
JOURNAL OF BIOMECHANICS,Cutti 2014,Directed,652,,,2
JOURNAL OF BIOMECHANICS,de Baets 2020,Directed,791,,,3
JOURNAL OF BIOMECHANICS,Fayad 2006,Directed,117,,,2
JOURNAL OF BIOMECHANICS,Finley 2003,Directed,100,,,2
JOURNAL OF BIOMECHANICS,Haik 2014,Directed,189,,,1
JOURNAL OF BIOMECHANICS,Jaspers 2011’,Directed,623,,,5
JOURNAL OF BIOMECHANICS,Karduna 2001,Directed,628,,,7
JOURNAL OF BIOMECHANICS,Koh 1998,Directed,322,,,3
JOURNAL OF BIOMECHANICS,Lin 2005’,Directed,758,,,1
JOURNAL OF BIOMECHANICS,Lovern 2009,Directed,391,,,5
JOURNAL OF BIOMECHANICS,Ludewig 2000,Directed,13,,,3
JOURNAL OF BIOMECHANICS,Meskers 2007,Directed,795,,,3
JOURNAL OF BIOMECHANICS,Meyer 2008,Directed,123,,,1
JOURNAL OF BIOMECHANICS,Mozingo 2018,Directed,374,,,4
JOURNAL OF BIOMECHANICS,Nicholson 2017,Directed,707,,,12
JOURNAL OF BIOMECHANICS,Plummer 2018,Directed,576,,,3
JOURNAL OF BIOMECHANICS,Prinold 2013,Directed,674,,,11
JOURNAL OF BIOMECHANICS,Teece 2008,Directed,835,,,1
JOURNAL OF BIOMECHANICS,Thigpen 2005,Directed,161,,,2
JOURNAL OF BIOMECHANICS,Vanezis 2015,Directed,312,,,6
JOURNAL OF BIOMECHANICS,Warner 2015,Directed,200,,,6
JOURNAL OF BIOMECHANICS,Wolf 2019,Directed,143,,,3
JOURNAL OF BIOMECHANICS,Yildiz 2020,Directed,40,,,4
JOURNAL OF BIOMECHANICS,Zhu 2012,Directed,786,,,6
JOURNAL OF BONE AND JOINT SURGERY,Alexander 2018,Directed,878,,,1
JOURNAL OF BONE AND JOINT SURGERY,Bey 2006,Directed,783,,,4
JOURNAL OF BONE AND JOINT SURGERY,Bourne 2009,Directed,303,,,2
JOURNAL OF BONE AND JOINT SURGERY,Cereatti 2015,Directed,473,,,1
JOURNAL OF BONE AND JOINT SURGERY,Crosbie 2008,Directed,872,,,1
JOURNAL OF BONE AND JOINT SURGERY,Cutti 2014,Directed,192,,,1
JOURNAL OF BONE AND JOINT SURGERY,Fayad 2006,Directed,163,,,1
JOURNAL OF BONE AND JOINT SURGERY,Finley 2003,Directed,778,,,2
JOURNAL OF BONE AND JOINT SURGERY,Hansen 2019,Directed,585,,,1
JOURNAL OF BONE AND JOINT SURGERY,Herisson 2017,Directed,124,,,2
JOURNAL OF BONE AND JOINT SURGERY,Höglund 2021,Directed,162,,,2
JOURNAL OF BONE AND JOINT SURGERY,Jaspers 2011’’,Directed,199,,,2
JOURNAL OF BONE AND JOINT SURGERY,Ludewig 2000,Directed,9,,,4
JOURNAL OF BONE AND JOINT SURGERY,Meyer 2008,Directed,842,,,1
JOURNAL OF BONE AND JOINT SURGERY,Myers 2006,Directed,315,,,1
JOURNAL OF BONE AND JOINT SURGERY,Parel 2014,Directed,428,,,1
JOURNAL OF BONE AND JOINT SURGERY,Prinold 2013,Directed,299,,,1
JOURNAL OF BONE AND JOINT SURGERY,Rogowski 2014,Directed,150,,,1
JOURNAL OF BONE AND JOINT SURGERY,Roren 2013,Directed,229,,,1
JOURNAL OF BONE AND JOINT SURGERY,van den Noort 2014,Directed,110,,,1
JOURNAL OF BONE AND JOINT SURGERY,Teece 2008,Directed,616,,,1
JOURNAL OF CLINICAL EPIDEMIOLOGY,Mahon 2017,Directed,779,,,1
JOURNAL OF CLINICAL ONCOLOGY,Lang 2019,Directed,98,,,1
JOURNAL OF ELECTROMYOGRAPHY AND KINESIOLOGY,Hansen 2019,Directed,52,,,3
JOURNAL OF ELECTROMYOGRAPHY AND KINESIOLOGY,Nicholson 2017,Directed,205,,,1
JOURNAL OF ELECTROMYOGRAPHY AND KINESIOLOGY,Parel 2014,Directed,893,,,1
JOURNAL OF ELECTROMYOGRAPHY AND KINESIOLOGY,van den Noort 2014,Directed,387,,,1
JOURNAL OF ELECTROMYOGRAPHY AND KINESIOLOGY,Vanezis 2015,Directed,518,,,1
JOURNAL OF ELECTROMYOGRAPHY AND KINESIOLOGY,Yildiz 2020,Directed,873,,,1
JOURNAL OF EXPERIMENTAL BIOLOGY,Akbari-Shandiz 2019,Directed,113,,,1
JOURNAL OF EXPERIMENTAL ZOOLOGY PART A,Akbari-Shandiz 2019,Directed,865,,,1
JOURNAL OF EXPERIMENTAL ZOOLOGY PART A,Mozingo 2018,Directed,830,,,1
JOURNAL OF GUIDANCE CONTROL AND DYNAMICS,Kolz 2020,Directed,722,,,1
JOURNAL OF HAND SURGERY,Höglund 2021,Directed,757,,,1
JOURNAL OF HAND SURGERY,Mahon 2017,Directed,328,,,2
JOURNAL OF HAND THERAPY,Hansen 2019,Directed,887,,,1
JOURNAL OF MAGNETIC RESONANCE IMAGING,Akbari-Shandiz 2019,Directed,103,,,1
JOURNAL OF MAGNETIC RESONANCE IMAGING,Massimini 2011,Directed,633,,,1
JOURNAL OF MAGNETIC RESONANCE IMAGING,Zhu 2012,Directed,248,,,1
JOURNAL OF MEDICAL ENGINEERING & TECHNOLOGY,Illyés 2006,Directed,71,,,1
JOURNAL OF MOTOR BEHAVIOR,de Baets 2013,Directed,241,,,1
JOURNAL OF NEUROENGINEERING AND REHABILITATION,Hansen 2019,Directed,789,,,2
JOURNAL OF NEUROSCIENCE,Prinold 2013,Directed,73,,,1
JOURNAL OF NEUROSURGERY-PEDIATRICS,Mahon 2017,Directed,705,,,1
JOURNAL OF ORAL REHABILITATION,Karduna 2001,Directed,314,,,1
JOURNAL OF ORTHOPAEDIC & SPORTS PHYSICAL THERAPY,Bourne 2007,Directed,44,,,2
JOURNAL OF ORTHOPAEDIC & SPORTS PHYSICAL THERAPY,Bourne 2011,Directed,886,,,6
JOURNAL OF ORTHOPAEDIC & SPORTS PHYSICAL THERAPY,Crosbie 2008,Directed,824,,,2
JOURNAL OF ORTHOPAEDIC & SPORTS PHYSICAL THERAPY,de Baets 2020,Directed,697,,,1
JOURNAL OF ORTHOPAEDIC & SPORTS PHYSICAL THERAPY,Fayad 2006,Directed,392,,,4
JOURNAL OF ORTHOPAEDIC & SPORTS PHYSICAL THERAPY,Finley 2003,Directed,198,,,6
JOURNAL OF ORTHOPAEDIC & SPORTS PHYSICAL THERAPY,Gonçalves 2019,Directed,156,,,1
JOURNAL OF ORTHOPAEDIC & SPORTS PHYSICAL THERAPY,Haik 2014,Directed,589,,,8
JOURNAL OF ORTHOPAEDIC & SPORTS PHYSICAL THERAPY,Lin 2005’,Directed,77,,,3
JOURNAL OF ORTHOPAEDIC & SPORTS PHYSICAL THERAPY,Lin 2005’’,Directed,666,,,4
JOURNAL OF ORTHOPAEDIC & SPORTS PHYSICAL THERAPY,Lovern 2009,Directed,316,,,1
JOURNAL OF ORTHOPAEDIC & SPORTS PHYSICAL THERAPY,Meskers 2007,Directed,175,,,1
JOURNAL OF ORTHOPAEDIC & SPORTS PHYSICAL THERAPY,Meyer 2008,Directed,673,,,2
JOURNAL OF ORTHOPAEDIC & SPORTS PHYSICAL THERAPY,Michener 2016,Directed,530,,,7
JOURNAL OF ORTHOPAEDIC & SPORTS PHYSICAL THERAPY,Nicholson 2019,Directed,772,,,1
JOURNAL OF ORTHOPAEDIC & SPORTS PHYSICAL THERAPY,Plummer 2018,Directed,675,,,3
JOURNAL OF ORTHOPAEDIC & SPORTS PHYSICAL THERAPY,Prinold 2011,Directed,879,,,3
JOURNAL OF ORTHOPAEDIC & SPORTS PHYSICAL THERAPY,Prinold 2013,Directed,505,,,3
JOURNAL OF ORTHOPAEDIC & SPORTS PHYSICAL THERAPY,Roren 2015,Directed,212,,,9
JOURNAL OF ORTHOPAEDIC & SPORTS PHYSICAL THERAPY,Shaheen 2011’’,Directed,637,,,1
JOURNAL OF ORTHOPAEDIC & SPORTS PHYSICAL THERAPY,Zhu 2012,Directed,514,,,1
JOURNAL OF ORTHOPAEDIC & SPORTS PHYSICAL THERAPY,Thigpen 2005,Directed,348,,,3
JOURNAL OF ORTHOPAEDIC RESEARCH,Akbari-Shandiz 2019,Directed,611,,,1
JOURNAL OF ORTHOPAEDIC RESEARCH,Hajizadeh 2019,Directed,484,,,1
JOURNAL OF ORTHOPAEDIC RESEARCH,Rogowski 2014,Directed,720,,,1
JOURNAL OF ORTHOPAEDIC RESEARCH,Ruiz Ibán 2020,Directed,130,,,1
JOURNAL OF ORTHOPAEDIC RESEARCH,Teece 2008,Directed,284,,,1
JOURNAL OF ORTHOPAEDIC RESEARCH,Thigpen 2005,Directed,503,,,4
JOURNAL OF ORTHOPAEDIC RESEARCH,Warner 2015,Directed,725,,,1
JOURNAL OF ORTHOPAEDIC RESEARCH,Yildiz 2020,Directed,740,,,1
JOURNAL OF ORTHOPAEDIC RESEARCH,Zhu 2012,Directed,446,,,1
JOURNAL OF ORTHOPAEDIC SCIENCE,Kolz 2020,Directed,188,,,1
JOURNAL OF ORTHOPAEDIC SCIENCE,Massimini 2011,Directed,456,,,1
JOURNAL OF ORTHOPAEDIC SCIENCE,Warner 2015,Directed,672,,,1
JOURNAL OF PEDIATRIC ORTHOPAEDICS,Mahon 2017,Directed,515,,,2
JOURNAL OF PEDIATRIC ORTHOPAEDICS-PART B,Herisson 2017,Directed,115,,,2
JOURNAL OF PEDIATRIC ORTHOPAEDICS-PART B,Vanezis 2015,Directed,592,,,1
JOURNAL OF REHABILITATION MEDICINE,de Baets 2020,Directed,706,,,1
JOURNAL OF REHABILITATION MEDICINE,Haik 2014,Directed,232,,,1
JOURNAL OF REHABILITATION MEDICINE,Prinold 2011,Directed,808,,,1
JOURNAL OF REHABILITATION RESEARCH AND DEVELOPMENT,Bey 2006,Directed,570,,,1
JOURNAL OF REHABILITATION RESEARCH AND DEVELOPMENT,Prinold 2013,Directed,32,,,2
JOURNAL OF RHEUMATOLOGY,Fayad 2006,Directed,194,,,1
JOURNAL OF SCIENCE AND MEDICINE IN SPORT,Prinold 2013,Directed,877,,,1
JOURNAL OF SHOULDER AND ELBOW SURGERY,Alexander 2018,Directed,139,,,3
JOURNAL OF SHOULDER AND ELBOW SURGERY,Bourne 2007,Directed,43,,,1
JOURNAL OF SHOULDER AND ELBOW SURGERY,Bourne 2011,Directed,508,,,2
JOURNAL OF SHOULDER AND ELBOW SURGERY,Cereatti 2015,Directed,656,,,2
JOURNAL OF SHOULDER AND ELBOW SURGERY,Chu 2012,Directed,351,,,1
JOURNAL OF SHOULDER AND ELBOW SURGERY,de Baets 2020,Directed,500,,,2
JOURNAL OF SHOULDER AND ELBOW SURGERY,Fayad 2006,Directed,862,,,2
JOURNAL OF SHOULDER AND ELBOW SURGERY,Herisson 2017,Directed,266,,,1
JOURNAL OF SHOULDER AND ELBOW SURGERY,Karduna 2001,Directed,660,,,1
JOURNAL OF SHOULDER AND ELBOW SURGERY,Kolz 2020,Directed,372,,,3
JOURNAL OF SHOULDER AND ELBOW SURGERY,Lang 2019,Directed,857,,,2
JOURNAL OF SHOULDER AND ELBOW SURGERY,Lin 2005’’,Directed,331,,,1
JOURNAL OF SHOULDER AND ELBOW SURGERY,Meskers 2007,Directed,715,,,1
JOURNAL OF SHOULDER AND ELBOW SURGERY,Michener 2016,Directed,435,,,1
JOURNAL OF SHOULDER AND ELBOW SURGERY,Mozingo 2018,Directed,820,,,1
JOURNAL OF SHOULDER AND ELBOW SURGERY,Myers 2006,Directed,527,,,2
JOURNAL OF SHOULDER AND ELBOW SURGERY,Parel 2012,Directed,554,,,1
JOURNAL OF SHOULDER AND ELBOW SURGERY,Plummer 2018,Directed,151,,,1
JOURNAL OF SHOULDER AND ELBOW SURGERY,Prinold 2013,Directed,843,,,1
JOURNAL OF SHOULDER AND ELBOW SURGERY,Rogowski 2014,Directed,739,,,2
JOURNAL OF SHOULDER AND ELBOW SURGERY,Shaheen 2011’’,Directed,416,,,1
JOURNAL OF SHOULDER AND ELBOW SURGERY,Teece 2008,Directed,396,,,3
JOURNAL OF SHOULDER AND ELBOW SURGERY,Thigpen 2005,Directed,409,,,1
JOURNAL OF SHOULDER AND ELBOW SURGERY,Wolf 2019,Directed,275,,,2
JOURNAL OF SHOULDER AND ELBOW SURGERY,Yildiz 2020,Directed,357,,,2
JOURNAL OF SPORT REHABILITATION,Plummer 2018,Directed,242,,,1
JOURNAL OF SPORT REHABILITATION,van den Noort 2014,Directed,646,,,1
JOURNAL OF SPORTS SCIENCES,Bey 2006,Directed,859,,,1
JOURNAL OF STRENGTH AND CONDITIONING RESEARCH,de Baets 2013,Directed,305,,,1
JOURNAL OF STRENGTH AND CONDITIONING RESEARCH,Haik 2014,Directed,849,,,1
JOURNAL OF STRENGTH AND CONDITIONING RESEARCH,Jaspers 2011’,Directed,365,,,1
JOURNAL OF STRENGTH AND CONDITIONING RESEARCH,Parel 2012,Directed,116,,,1
JOURNAL OF STRENGTH AND CONDITIONING RESEARCH,Vanezis 2015,Directed,136,,,1
JOURNAL OF THE AMERICAN ACADEMY OF ORTHOPAEDIC SURGEONS,Cutti 2014,Directed,638,,,1
JOURNAL OF THE AMERICAN ACADEMY OF ORTHOPAEDIC SURGEONS,de Baets 2020,Directed,36,,,1
JOURNAL OF THE AMERICAN ACADEMY OF ORTHOPAEDIC SURGEONS,Mahon 2017,Directed,752,,,1
JOURNAL OF THE AMERICAN ACADEMY OF ORTHOPAEDIC SURGEONS,van den Noort 2014,Directed,643,,,1
JOURNAL OF THE AMERICAN ACADEMY OF ORTHOPAEDIC SURGEONS,Wolf 2019,Directed,106,,,1
JOURNAL OF THE BELGIAN SOCIETY OF RADIOLOGY,Kolz 2020,Directed,439,,,1
JOURNAL OF TRAUMA-INJURY INFECTION AND CRITICAL CARE,Prinold 2013,Directed,685,,,1
Karduna 2001,ACTA ONCOLOGICA,Directed,621,,,1
Karduna 2001,AMERICAN JOURNAL OF SPORTS MEDICINE,Directed,837,,,9
Karduna 2001,ATHLETIC THERAPY TODAY,Directed,901,,,1
Karduna 2001,BRAZILIAN JOURNAL OF PHYSICAL THERAPY,Directed,1102,,,3
Karduna 2001,CLINICAL MEDICINE INSIGHTS-ARTHRITIS AND MUSCULOSKELETAL DISORDERS,Directed,915,,,1
Karduna 2001,COMPUTER METHODS IN BIOMECHANICS AND BIOMEDICAL ENGINEERING-IMAGING AND VISUALIZATION,Directed,695,,,2
Karduna 2001,CURRENT ORTHOPAEDICS,Directed,438,,,1
Karduna 2001,DISABILITY AND REHABILITATION,Directed,1086,,,2
Karduna 2001,ERGONOMICS,Directed,938,,,1
Karduna 2001,EUROPEAN JOURNAL OF PHYSICAL AND REHABILITATION MEDICINE,Directed,1066,,,1
Karduna 2001,EUROPEAN JOURNAL OF SPORT SCIENCE,Directed,214,,,1
Karduna 2001,EXPERIMENTAL BRAIN RESEARCH,Directed,922,,,1
Karduna 2001,FRONTIERS IN BIOENGINEERING AND BIOTECHNOLOGY,Directed,1120,,,2
Karduna 2001,FRONTIERS IN NEUROROBOTICS,Directed,596,,,1
Karduna 2001,IEEE/RSJ INTERNATIONAL CONFERENCE ON INTELLIGENT ROBOTS AND SYSTEMS,Directed,957,,,1
Karduna 2001,INTERNATIONAL JOURNAL OF SPORTS MEDICINE,Directed,521,,,2
Karduna 2001,JOURNAL OF APPLIED BIOMECHANICS,Directed,1033,,,18
Karduna 2001,JOURNAL OF ATHLETIC TRAINING,Directed,986,,,10
Karduna 2001,JOURNAL OF COMPUTER ASSISTED TOMOGRAPHY,Directed,1118,,,1
Karduna 2001,JOURNAL OF ELECTROMYOGRAPHY AND KINESIOLOGY,Directed,272,,,24
Karduna 2001,JOURNAL OF ORTHOPAEDIC RESEARCH,Directed,1114,,,6
Karduna 2001,JOURNAL OF ORTHOPAEDIC SCIENCE,Directed,179,,,1
Karduna 2001,JOURNAL OF ORTHOPAEDIC SURGERY,Directed,1135,,,1
Karduna 2001,JOURNAL OF ORTHOPAEDIC TRAUMA,Directed,1068,,,1
Karduna 2001,JOURNAL OF REHABILITATION MEDICINE,Directed,773,,,2
Karduna 2001,JOURNAL OF REHABILITATION RESEARCH AND DEVELOPMENT,Directed,1038,,,3
Karduna 2001,JOURNAL OF SPORT REHABILITATION,Directed,1064,,,7
Karduna 2001,JOURNAL OF SPORTS SCIENCE AND MEDICINE,Directed,1034,,,1
Karduna 2001,KNEE SURGERY SPORTS TRAUMATOLOGY ARTHROSCOPY,Directed,358,,,3
Karduna 2001,MEDICAL & BIOLOGICAL ENGINEERING & COMPUTING,Directed,1110,,,10
Karduna 2001,MEDICAL PROBLEMS OF PERFORMING ARTISTS,Directed,99,,,1
Karduna 2001,MEDICINE,Directed,911,,,1
Karduna 2001,MOTOR CONTROL,Directed,620,,,1
Karduna 2001,NEUROSCIENCE,Directed,821,,,1
Karduna 2001,ORTHOPAEDIC JOURNAL OF SPORTS MEDICINE,Directed,968,,,1
Karduna 2001,ORTHOPEDIC CLINICS OF NORTH AMERICA,Directed,1067,,,1
Karduna 2001,PHYSIOSCIENCE,Directed,1077,,,1
Karduna 2001,PHYSIOTHERAPY,Directed,1032,,,3
Karduna 2001,PM&R,Directed,1080,,,1
Karduna 2001,SCANDINAVIAN JOURNAL OF MEDICINE & SCIENCE IN SPORTS,Directed,491,,,1
Karduna 2001,SPINE,Directed,310,,,1
Karduna 2001,SPORTS MEDICINE,Directed,1065,,,2
KNEE SURGERY SPORTS TRAUMATOLOGY ARTHROSCOPY,Massimini 2011,Directed,703,,,1
KNEE SURGERY SPORTS TRAUMATOLOGY ARTHROSCOPY,Ruiz Ibán 2020,Directed,132,,,1
Koh 1998,ERGONOMICS,Directed,934,,,1
Koh 1998,GAIT & POSTURE,Directed,288,,,1
Koh 1998,JOURNAL OF ATHLETIC TRAINING,Directed,790,,,1
Koh 1998,JOURNAL OF BIOMECHANICAL ENGINEERING,Directed,406,,,2
Koh 1998,JOURNAL OF HAND SURGERY,Directed,127,,,1
Koh 1998,JOURNAL OF SHOULDER AND ELBOW SURGERY,Directed,755,,,3
Koh 1998,PROCEEDINGS OF THE INSTITUTION OF MECHANICAL ENGINEERS PART H-JOURNAL OF ENGINEERING IN MEDICINE,Directed,972,,,2
Kolz 2020,JOURNAL OF VISUALIZED EXPERIMENTS,Directed,613,,,1
Lang 2019,ANNALS OF MEDICINE,Directed,235,,,1
Lang 2019,JOURNAL OF BIOMECHANICS,Directed,1074,,,1
Lin 2005’,BRAZILIAN JOURNAL OF PHYSICAL THERAPY,Directed,648,,,1
Lin 2005’,BREAST CANCER RESEARCH AND TREATMENT,Directed,261,,,1
Lin 2005’,CLINICAL ANATOMY,Directed,145,,,1
Lin 2005’,EUROPEAN JOURNAL OF APPLIED PHYSIOLOGY,Directed,919,,,1
Lin 2005’,INTERNATIONAL JOURNAL OF SPORTS PHYSICAL THERAPY,Directed,1017,,,1
Lin 2005’,JOURNAL OF ACUPUNCTURE AND TUINA SCIENCE,Directed,269,,,1
Lin 2005’,JOURNAL OF ATHLETIC TRAINING,Directed,1132,,,2
Lin 2005’,JOURNAL OF BIOMECHANICS,Directed,950,,,2
Lin 2005’,JOURNAL OF BODYWORK AND MOVEMENT THERAPIES,Directed,258,,,2
Lin 2005’,JOURNAL OF ELECTROMYOGRAPHY AND KINESIOLOGY,Directed,981,,,10
Lin 2005’,JOURNAL OF MANIPULATIVE AND PHYSIOLOGICAL THERAPEUTICS,Directed,617,,,1
Lin 2005’,JOURNAL OF MOTOR BEHAVIOR,Directed,1088,,,1
Lin 2005’,JOURNAL OF OCCUPATIONAL HEALTH,Directed,937,,,1
Lin 2005’,JOURNAL OF VISUALIZED EXPERIMENTS,Directed,1025,,,1
Lin 2005’,PHYSICAL THERAPY,Directed,897,,,6
Lin 2005’,PHYSIOTHERAPY THEORY AND PRACTICE,Directed,397,,,1
Lin 2005’,PM&R,Directed,471,,,3
Lin 2005’,SCIENTIFIC REPORTS,Directed,985,,,1
Lin 2005’,INTERNATIONAL SYMPOSIUM ON OCCUPATIONAL SAFETY AND HYGIENE,Directed,51,,,1
Lin 2005’,SPINE,Directed,553,,,1
Lin 2005’’,AGING CLINICAL AND EXPERIMENTAL RESEARCH,Directed,1108,,,1
Lin 2005’’,CLINICAL JOURNAL OF SPORT MEDICINE,Directed,898,,,3
Lin 2005’’,INTERNATIONAL JOURNAL OF SHOULDER SURGERY,Directed,1051,,,1
Lin 2005’’,JOURNAL OF HAND THERAPY,Directed,1011,,,1
Lin 2005’’,JOURNAL OF ORTHOPAEDIC RESEARCH,Directed,700,,,2
Lin 2005’’,MANUAL THERAPY,Directed,840,,,3
Lin 2005’’,PHYSICAL THERAPY,Directed,1073,,,2
Lin 2005’’,SPINE,Directed,1024,,,1
Lovern 2009,HUMAN MOVEMENT SCIENCE,Directed,931,,,1
Lovern 2009,INTERNATIONAL JOURNAL OF HUMANOID ROBOTICS,Directed,1049,,,1
Lovern 2009,INTERNATIONAL ORTHOPAEDICS,Directed,425,,,1
Lovern 2009,JOURNAL OF BIOMECHANICS,Directed,475,,,3
Lovern 2009,JOURNAL OF ORTHOPAEDIC RESEARCH,Directed,691,,,1
Lovern 2009,JOURNAL OF VISUALIZED EXPERIMENTS,Directed,973,,,1
Lovern 2009,MEDICAL & BIOLOGICAL ENGINEERING & COMPUTING,Directed,91,,,2
Lovern 2009,PROCEEDINGS OF THE INSTITUTION OF MECHANICAL ENGINEERS PART H-JOURNAL OF ENGINEERING IN MEDICINE,Directed,460,,,2
Ludewig 2000,CLINICAL ORTHOPAEDICS AND RELATED RESEARCH,Directed,159,,,4
Ludewig 2000,CLINICAL RHEUMATOLOGY,Directed,26,,,3
Ludewig 2000,CONFERENCE ON ELECTRONICS TELECOMMUNICATIONS AND COMPUTERS,Directed,25,,,1
Ludewig 2000,EUROPEAN JOURNAL OF PHYSICAL AND REHABILITATION MEDICINE,Directed,46,,,1
Ludewig 2000,EXPERIMENTAL BRAIN RESEARCH,Directed,85,,,4
Ludewig 2000,INTEGRATIVE CANCER THERAPIES,Directed,131,,,1
Ludewig 2000,PHYSIOLOGICAL REPORTS,Directed,42,,,1
Mahon 2017,CLINICAL BIOMECHANICS,Directed,733,,,1
Mahon 2017,JOURNAL OF ELECTROMYOGRAPHY AND KINESIOLOGY,Directed,1076,,,1
Mahon 2017,MEDICAL ENGINEERING & PHYSICS,Directed,298,,,1
MANUAL THERAPY,Cutti 2008,Directed,765,,,1
MANUAL THERAPY,de Baets 2020,Directed,641,,,1
MANUAL THERAPY,Haik 2014,Directed,345,,,1
MANUAL THERAPY,Höglund 2021,Directed,104,,,1
MANUAL THERAPY,Roren 2013,Directed,268,,,1
Massimini 2011,IEEE TRANSACTIONS ON BIOMEDICAL ENGINEERING,Directed,517,,,1
Massimini 2011,JOURNAL OF ELECTROMYOGRAPHY AND KINESIOLOGY,Directed,949,,,2
Massimini 2011,JOURNAL OF ORTHOPAEDIC SURGERY AND RESEARCH,Directed,612,,,1
Massimini 2011,MEDICAL ENGINEERING & PHYSICS,Directed,472,,,5
MEDICAL & BIOLOGICAL ENGINEERING & COMPUTING,Cutti 2014,Directed,295,,,2
MEDICAL & BIOLOGICAL ENGINEERING & COMPUTING,Parel 2012,Directed,788,,,2
MEDICAL & BIOLOGICAL ENGINEERING & COMPUTING,Prinold 2013,Directed,748,,,1
MEDICAL & BIOLOGICAL ENGINEERING & COMPUTING,Ruiz Ibán 2020,Directed,848,,,2
MEDICAL & BIOLOGICAL ENGINEERING & COMPUTING,van den Noort 2014,Directed,726,,,3
MEDICAL CARE,Jaspers 2011’,Directed,529,,,1
MEDICAL ENGINEERING & PHYSICS,Kolz 2020,Directed,584,,,1
MEDICAL ENGINEERING & PHYSICS,Mozingo 2018,Directed,454,,,1
MEDICINE AND SCIENCE IN SPORTS AND EXERCISE,Teece 2008,Directed,287,,,1
Meskers 2007,ARCHIVES OF PHYSICAL MEDICINE AND REHABILITATION,Directed,1023,,,1
Meskers 2007,BMC MUSCULOSKELETAL DISORDERS,Directed,424,,,1
Meskers 2007,COMPUTER METHODS IN BIOMECHANICS AND BIOMEDICAL ENGINEERING,Directed,1094,,,7
Meskers 2007,DISABILITY AND REHABILITATION,Directed,988,,,1
Meskers 2007,EUROPEAN JOURNAL OF PHYSICAL AND REHABILITATION MEDICINE,Directed,927,,,1
Meskers 2007,GAIT & POSTURE,Directed,721,,,7
Meskers 2007,JOURNAL OF ATHLETIC TRAINING,Directed,1028,,,1
Meskers 2007,JOURNAL OF BIOMECHANICS,Directed,1014,,,14
Meskers 2007,JOURNAL OF SHOULDER AND ELBOW SURGERY,Directed,896,,,2
Meskers 2007,MEDICAL & BIOLOGICAL ENGINEERING & COMPUTING,Directed,1082,,,4
Meskers 2007,MUSCULOSKELETAL SCIENCE AND PRACTICE,Directed,432,,,1
Meskers 2007,PLOS ONE,Directed,914,,,2
Meskers 2007,SPORTS BIOMECHANICS,Directed,956,,,1
Meyer 2008,AMERICAN JOURNAL OF SPORTS MEDICINE,Directed,1031,,,4
Meyer 2008,JOURNAL OF ELECTROMYOGRAPHY AND KINESIOLOGY,Directed,851,,,1
Meyer 2008,JOURNAL OF HUMAN KINETICS,Directed,1078,,,1
Meyer 2008,JOURNAL OF SPORT REHABILITATION,Directed,907,,,4
Meyer 2008,JOURNAL OF SPORTS MEDICINE AND PHYSICAL FITNESS,Directed,832,,,1
Meyer 2008,SPORTS BIOMECHANICS,Directed,1035,,,3
Meyer 2008,STRENGTH AND CONDITIONING JOURNAL,Directed,782,,,1
Michener 2016,ARCHIVES OF PHYSICAL MEDICINE AND REHABILITATION,Directed,696,,,1
Michiels 1995,IEEE INTERNATIONAL CONFERENCE ON INTELLIGENT ROBOTS AND SYSTEMS,Directed,523,,,1
Michiels 1995,JOURNAL OF APPLIED BIOMECHANICS,Directed,1044,,,1
Michiels 1995,JOURNAL OF CHIROPRACTIC MEDICINE,Directed,640,,,1
Michiels 1995,JOURNAL OF ELECTROMYOGRAPHY AND KINESIOLOGY,Directed,349,,,3
Michiels 1995,JOURNAL OF ORTHOPAEDIC & SPORTS PHYSICAL THERAPY,Directed,979,,,3
Michiels 1995,JOURNAL OF ORTHOPAEDIC RESEARCH,Directed,961,,,2
Michiels 1995,MANUAL THERAPY,Directed,629,,,2
Mozingo 2018,CLINICAL BIOMECHANICS,Directed,581,,,1
Mozingo 2018,JOURNAL OF ELECTROMYOGRAPHY AND KINESIOLOGY,Directed,1029,,,1
Myers 2006,AMERICAN JOURNAL OF SPORTS MEDICINE,Directed,417,,,1
Myers 2006,JOURNAL OF ORTHOPAEDIC & SPORTS PHYSICAL THERAPY,Directed,935,,,1
Myers 2006,JOURNAL OF SPORT REHABILITATION,Directed,1130,,,2
NEUROSURGERY CLINICS OF NORTH AMERICA,Höglund 2021,Directed,863,,,1
ORTHOPAEDIC JOURNAL OF SPORTS MEDICINE,Mozingo 2018,Directed,566,,,1
ORTHOPEDICS,Nicholson 2019,Directed,793,,,1
Parel 2012,EUROPEAN JOURNAL OF PHYSICAL AND REHABILITATION MEDICINE,Directed,996,,,1
Parel 2012,INTERNATIONAL JOURNAL OF DISTRIBUTED SENSOR NETWORKS,Directed,1072,,,1
Parel 2012,JOURNAL OF REHABILITATION RESEARCH AND DEVELOPMENT,Directed,964,,,1
Parel 2012,MEDICAL & BIOLOGICAL ENGINEERING & COMPUTING,Directed,1004,,,2
Parel 2012,MEDICINA DELLO SPORT,Directed,936,,,1
Parel 2014,CLINICAL BIOMECHANICS,Directed,1091,,,1
Parel 2014,DISABILITY AND REHABILITATION,Directed,904,,,1
Parel 2014,GAIT & POSTURE,Directed,393,,,1
Parel 2014,JOURNAL OF BIOMECHANICS,Directed,593,,,1
Parel 2014,JOURNAL OF ELECTROMYOGRAPHY AND KINESIOLOGY,Directed,1138,,,3
Parel 2014,JOURNAL OF SPORTS SCIENCES,Directed,1007,,,1
Parel 2014,KNEE SURGERY SPORTS TRAUMATOLOGY ARTHROSCOPY,Directed,1134,,,1
PEDIATRIC RESEARCH,Vanezis 2015,Directed,770,,,1
PHYSICAL THERAPY,Fayad 2006,Directed,880,,,1
PHYSIOLOGICAL MEASUREMENT,Hansen 2019,Directed,539,,,1
PHYSIOTHERAPY,Wolf 2019,Directed,595,,,1
Prinold 2011,APPLIED ERGONOMICS,Directed,974,,,1
Prinold 2011,IEEE TRANSACTIONS ON BIOMEDICAL ENGINEERING,Directed,976,,,1
Prinold 2011,IEEE/RSJ INTERNATIONAL CONFERENCE ON INTELLIGENT ROBOTS AND SYSTEMS,Directed,1061,,,1
Prinold 2011,JOURNAL OF BIOMECHANICS,Directed,492,,,13
Prinold 2011,JOURNAL OF SHOULDER AND ELBOW SURGERY,Directed,991,,,1
Prinold 2011,MULTIBODY SYSTEM DYNAMICS,Directed,1128,,,1
Prinold 2011,PROCEEDINGS OF THE INSTITUTION OF MECHANICAL ENGINEERS PART H-JOURNAL OF ENGINEERING IN MEDICINE,Directed,908,,,1
Prinold 2013,JOURNAL OF SCIENCE AND MEDICINE IN SPORT,Directed,1115,,,1
Prinold 2013,JOURNAL OF SHOULDER AND ELBOW SURGERY,Directed,1070,,,1
Prinold 2013,MEDICAL & BIOLOGICAL ENGINEERING & COMPUTING,Directed,941,,,1
PROCEEDINGS OF THE INSTITUTION OF MECHANICAL ENGINEERS PART H-JOURNAL OF ENGINEERING IN MEDICINE,Bourne 2009,Directed,247,,,1
PROCEEDINGS OF THE INSTITUTION OF MECHANICAL ENGINEERS PART H-JOURNAL OF ENGINEERING IN MEDICINE,Bourne 2011,Directed,819,,,1
PROCEEDINGS OF THE INSTITUTION OF MECHANICAL ENGINEERS PART H-JOURNAL OF ENGINEERING IN MEDICINE,Cutti 2008,Directed,382,,,1
QUALITY OF LIFE RESEARCH,Roren 2013,Directed,550,,,1
RESEARCH IN DEVELOPMENTAL DISABILITIES,Vanezis 2015,Directed,441,,,1
RHEUMATOLOGY,Lin 2005’,Directed,712,,,1
Rogowski 2014,INTERNATIONAL JOURNAL OF ENVIRONMENTAL RESEARCH AND PUBLIC HEALTH,Directed,971,,,2
Roren 2013,HUMAN MOVEMENT SCIENCE,Directed,1015,,,1
Roren 2013,JOURNAL OF BIOMECHANICS,Directed,1027,,,1
Roren 2013,MEDICAL & BIOLOGICAL ENGINEERING & COMPUTING,Directed,1111,,,1
Roren 2015,MOTOR CONTROL,Directed,187,,,1
Roren 2015,MUSCULOSKELETAL SCIENCE AND PRACTICE,Directed,1050,,,1
SCANDINAVIAN JOURNAL OF MEDICINE & SCIENCE IN SPORTS,van den Noort 2014,Directed,355,,,1
SCANDINAVIAN JOURNAL OF REHABILITATION MEDICINE,Lin 2005’’,Directed,408,,,1
Shaheen 2011’,CLINICAL BIOMECHANICS,Directed,945,,,1
Shaheen 2011’,JOURNAL OF APPLIED BIOMECHANICS,Directed,944,,,1
Shaheen 2011’,JOURNAL OF BIOMECHANICS,Directed,1000,,,7
Shaheen 2011’,JOURNAL OF SPORTS SCIENCES,Directed,1001,,,1
Shaheen 2011’’,CLINICAL BIOMECHANICS,Directed,942,,,2
Shaheen 2011’’,COMPUTER METHODS IN BIOMECHANICS AND BIOMEDICAL ENGINEERING,Directed,1041,,,2
Shaheen 2011’’,JOURNAL OF BIOMECHANICS,Directed,1095,,,12
Shaheen 2011’’,JOURNAL OF ELECTROMYOGRAPHY AND KINESIOLOGY,Directed,1092,,,2
Shaheen 2011’’,JOURNAL OF SCIENCE AND MEDICINE IN SPORT,Directed,1129,,,1
Shaheen 2011’’,JOURNAL OF VISUALIZED EXPERIMENTS,Directed,741,,,1
Teece 2008,INTERNET OF THINGS TECHNOLOGIES FOR HEALTHCARE,Directed,1122,,,1
Teece 2008,JOURNAL OF COMPUTER ASSISTED TOMOGRAPHY,Directed,1116,,,1
Teece 2008,JOURNAL OF ELECTROMYOGRAPHY AND KINESIOLOGY,Directed,1043,,,3
Teece 2008,JOURNAL OF ORTHOPAEDIC SURGERY AND RESEARCH,Directed,962,,,1
Teece 2008,MEDICAL ENGINEERING & PHYSICS,Directed,906,,,1
Teece 2008,OBERE EXTREMITAET-SCHULTER-ELLENBOGEN-HAND-UPPER EXTREMITY-SHOULDER ELBOW HAND,Directed,1109,,,1
Teece 2008,PAKISTAN JOURNAL OF MEDICAL SCIENCES,Directed,990,,,1
Teece 2008,PHYSICAL THERAPY,Directed,1040,,,1
Teece 2008,PLOS ONE,Directed,902,,,1
Teece 2008,SPORTS MEDICINE AND ARTHROSCOPY REVIEW,Directed,1046,,,1
Thigpen 2005,CLINICAL BIOMECHANICS,Directed,943,,,3
Thigpen 2005,GAIT & POSTURE,Directed,1003,,,1
Thigpen 2005,INTERNATIONAL JOURNAL OF THERAPY AND REHABILITATION,Directed,940,,,1
van den Noort 2014,I-PERCEPTION,Directed,524,,,1
van den Noort 2014,INTERNATIONAL JOURNAL OF ENVIRONMENTAL RESEARCH AND PUBLIC HEALTH,Directed,1125,,,1
van den Noort 2014,MEDICAL & BIOLOGICAL ENGINEERING & COMPUTING,Directed,910,,,1
van den Noort 2014,MOTOR CONTROL,Directed,983,,,2
van den Noort 2014,SENSORS,Directed,1119,,,3
Vanezis 2015,JOURNAL OF NEUROENGINEERING AND REHABILITATION,Directed,1131,,,1
Warner 2015,JOURNAL OF ORTHOPAEDIC RESEARCH,Directed,909,,,1
Warner 2015,JOURNAL OF SPORT REHABILITATION,Directed,1012,,,1
Warner 2015,PLOS ONE,Directed,1140,,,1
Wolf 2019,MSKMUSKULOSKELETTALE PHYSIOTHERAPIE,Directed,930,,,1
Zhu 2012,ASIAN SPINE JOURNAL,Directed,1052,,,1
Zhu 2012,COMPUTER METHODS IN BIOMECHANICS AND BIOMEDICAL ENGINEERING,Directed,939,,,1
Zhu 2012,IEEE TRANSACTIONS ON MEDICAL IMAGING,Directed,1036,,,1
Zhu 2012,JOURNAL OF BIOMECHANICS,Directed,1002,,,5
Zhu 2012,JOURNAL OF SCIENCE AND MEDICINE IN SPORT,Directed,1117,,,1
Zhu 2012,MEDICAL PHYSICS,Directed,953,,,1
Zhu 2012,PHYSICS IN MEDICINE AND BIOLOGY,Directed,1021,,,2
Zhu 2012,PROCEEDINGS OF THE INSTITUTION OF MECHANICAL ENGINEERS PART H-JOURNAL OF ENGINEERING IN MEDICINE,Directed,1075,,,1
Zhu 2012,SCIENTIFIC REPORTS,Directed,1019,,,1
Fayad 2006,0,Directed,1141,,,1
