Id,Label,timeset,Type,modularity_class,stat_inf_class
ABHANDLUNGEN AUS DEM MATHEMATISCHEN,ABHANDLUNGEN AUS DEM MATHEMATISCHEN,,RefCit,0,0
Michiels 1995,Michiels 1995,,Fonte,0,0
ACTA NEUROLOGICA SCANDINAVICA,ACTA NEUROLOGICA SCANDINAVICA,,RefCit,0,0
Roren 2013,Roren 2013,,Fonte,0,0
ACTA OBSTETRICIA ET GYNECOLOGICA SCANDINAVICA,ACTA OBSTETRICIA ET GYNECOLOGICA SCANDINAVICA,,RefCit,1,0
Herisson 2017,Herisson 2017,,Fonte,1,0
ACTA ORTHOPAEDICA,ACTA ORTHOPAEDICA,,RefCit,1,0
Massimini 2011,Massimini 2011,,Fonte,1,0
Zhu 2012,Zhu 2012,,Fonte,1,0
ACTA ORTHOPAEDICA SCANDINAVICA,ACTA ORTHOPAEDICA SCANDINAVICA,,RefCit,2,0
Ludewig 2000,Ludewig 2000,,Fonte,2,0
Mozingo 2018,Mozingo 2018,,Fonte,1,0
Warner 2015,Warner 2015,,Fonte,2,0
ADVANCES IN ROBOT KINEMATICS,ADVANCES IN ROBOT KINEMATICS,,RefCit,1,0
Hajizadeh 2019,Hajizadeh 2019,,Fonte,1,0
Akbari-Shandiz 2019,Akbari-Shandiz 2019,,Fonte,1,0
CLINICAL BIOMECHANICS,CLINICAL BIOMECHANICS,,RefCit,0,0
JOURNAL OF ELECTROMYOGRAPHY AND KINESIOLOGY,JOURNAL OF ELECTROMYOGRAPHY AND KINESIOLOGY,,RefCit,2,0
JOURNAL OF MAGNETIC RESONANCE IMAGING,JOURNAL OF MAGNETIC RESONANCE IMAGING,,RefCit,1,0
JOURNAL OF ORTHOPAEDIC & SPORTS PHYSICAL THERAPY,JOURNAL OF ORTHOPAEDIC & SPORTS PHYSICAL THERAPY,,RefCit,0,0
JOURNAL OF ORTHOPAEDIC RESEARCH,JOURNAL OF ORTHOPAEDIC RESEARCH,,RefCit,0,0
JOURNAL OF VISUALIZED EXPERIMENTS,JOURNAL OF VISUALIZED EXPERIMENTS,,RefCit,1,0
MEDICAL IMAGE ANALYSIS,MEDICAL IMAGE ANALYSIS,,RefCit,1,0
PHYSICAL THERAPY,PHYSICAL THERAPY,,RefCit,0,0
PLOS ONE,PLOS ONE,,RefCit,1,0
Alexander 2018,Alexander 2018,,Fonte,1,0
CLINICAL ORTHOPAEDICS AND RELATED RESEARCH,CLINICAL ORTHOPAEDICS AND RELATED RESEARCH,,RefCit,0,0
JOURNAL OF BIOMECHANICS,JOURNAL OF BIOMECHANICS,,RefCit,1,0
AMERICAN JOURNAL OF INDUSTRIAL MEDICINE,AMERICAN JOURNAL OF INDUSTRIAL MEDICINE,,RefCit,1,0
Cutti 2014,Cutti 2014,,Fonte,1,0
AMERICAN JOURNAL OF MENTAL DEFICIENCY,AMERICAN JOURNAL OF MENTAL DEFICIENCY,,RefCit,1,0
Gonçalves 2019,Gonçalves 2019,,Fonte,1,0
AMERICAN JOURNAL OF OBSTETRICS AND GYNECOLOGY,AMERICAN JOURNAL OF OBSTETRICS AND GYNECOLOGY,,RefCit,1,0
Mahon 2017,Mahon 2017,,Fonte,1,0
AMERICAN JOURNAL OF OCCUPATIONAL THERAPY,AMERICAN JOURNAL OF OCCUPATIONAL THERAPY,,RefCit,2,0
Lin 2005’,Lin 2005’,,Fonte,2,0
Lin 2005’’,Lin 2005’’,,Fonte,2,0
AMERICAN JOURNAL OF PHYSICAL MEDICINE & REHABILITATION,AMERICAN JOURNAL OF PHYSICAL MEDICINE & REHABILITATION,,RefCit,2,0
Crosbie 2008,Crosbie 2008,,Fonte,4,0
Cutti 2008,Cutti 2008,,Fonte,3,0
de Baets 2013,de Baets 2013,,Fonte,5,0
Haik 2014,Haik 2014,,Fonte,2,0
Lang 2019,Lang 2019,,Fonte,2,0
Prinold 2011,Prinold 2011,,Fonte,1,0
Roren 2015,Roren 2015,,Fonte,0,0
AMERICAN JOURNAL OF ROENTGENOLOGY,AMERICAN JOURNAL OF ROENTGENOLOGY,,RefCit,0,0
AMERICAN JOURNAL OF SPORTS MEDICINE,AMERICAN JOURNAL OF SPORTS MEDICINE,,RefCit,0,0
Bey 2006,Bey 2006,,Fonte,1,0
Cereatti 2015,Cereatti 2015,,Fonte,0,0
Chu 2012,Chu 2012,,Fonte,0,0
Fayad 2006,Fayad 2006,,Fonte,4,0
Finley 2003,Finley 2003,,Fonte,2,0
Lovern 2009,Lovern 2009,,Fonte,0,0
Meyer 2008,Meyer 2008,,Fonte,2,0
Michener 2016,Michener 2016,,Fonte,2,0
Myers 2006,Myers 2006,,Fonte,0,0
Prinold 2013,Prinold 2013,,Fonte,0,0
Rogowski 2014,Rogowski 2014,,Fonte,2,0
Teece 2008,Teece 2008,,Fonte,0,0
Yildiz 2020,Yildiz 2020,,Fonte,0,0
ANNALS OF BIOMEDICAL ENGINEERING,ANNALS OF BIOMEDICAL ENGINEERING,,RefCit,1,0
Hansen 2019,Hansen 2019,,Fonte,5,0
Kolz 2020,Kolz 2020,,Fonte,1,0
Nicholson 2017,Nicholson 2017,,Fonte,1,0
Nicholson 2019,Nicholson 2019,,Fonte,1,0
Richardson 2017,Richardson 2017,,Fonte,1,0
ANNALS OF INTERNAL MEDICINE,ANNALS OF INTERNAL MEDICINE,,RefCit,2,0
ANNALS OF STATISTICS,ANNALS OF STATISTICS,,RefCit,1,0
ANNALS OF THE RHEUMATIC DISEASES,ANNALS OF THE RHEUMATIC DISEASES,,RefCit,4,0
Parel 2014,Parel 2014,,Fonte,3,0
ANNUAL INTERNATIONAL CONFERENCE OF THE IEEE ENGINEERING IN MEDICINE AND BIOLOGY SOCIETY,ANNUAL INTERNATIONAL CONFERENCE OF THE IEEE ENGINEERING IN MEDICINE AND BIOLOGY SOCIETY,,RefCit,3,0
van den Noort 2014,van den Noort 2014,,Fonte,3,0
ANNUAL REVIEW OF BIOMEDICAL ENGINEERING,ANNUAL REVIEW OF BIOMEDICAL ENGINEERING,,RefCit,1,0
ARCHIVES OF ORTHOPAEDIC AND TRAUMA SURGERY,ARCHIVES OF ORTHOPAEDIC AND TRAUMA SURGERY,,RefCit,1,0
Shaheen 2011’,Shaheen 2011’,,Fonte,1,0
Shaheen 2011’’,Shaheen 2011’’,,Fonte,1,0
ARCHIVES OF PHYSICAL MEDICINE AND REHABILITATION,ARCHIVES OF PHYSICAL MEDICINE AND REHABILITATION,,RefCit,2,0
Bourne 2007,Bourne 2007,,Fonte,2,0
Bourne 2011,Bourne 2011,,Fonte,0,0
Jaspers 2011’’,Jaspers 2011’’,,Fonte,1,0
Karduna 2001,Karduna 2001,,Fonte,0,0
Meskers 2007,Meskers 2007,,Fonte,0,0
Plummer 2018,Plummer 2018,,Fonte,1,0
Thigpen 2005,Thigpen 2005,,Fonte,0,0
Vanezis 2015,Vanezis 2015,,Fonte,1,0
ARTHRITIS AND RHEUMATISM,ARTHRITIS AND RHEUMATISM,,RefCit,4,0
ARTHROSCOPY-THE JOURNAL OF ARTHROSCOPIC AND RELATED SURGERY,ARTHROSCOPY-THE JOURNAL OF ARTHROSCOPIC AND RELATED SURGERY,,RefCit,0,0
BEHAVIOR RESEARCH METHODS INSTRUMENTS & COMPUTERS,BEHAVIOR RESEARCH METHODS INSTRUMENTS & COMPUTERS,,RefCit,0,0
ASME INTERNATIONAL DESIGN ENGINEERING TECHNICAL CONFERENCES AND COMPUTERS AND INFORMATION IN ENGINEERING CONFERENCE,ASME INTERNATIONAL DESIGN ENGINEERING TECHNICAL CONFERENCES AND COMPUTERS AND INFORMATION IN ENGINEERING CONFERENCE,,RefCit,1,0
ASME SUMMER BIOENGINEERING CONFERENCE,ASME SUMMER BIOENGINEERING CONFERENCE,,RefCit,1,0
BIOMEDICAL ENGINEERING ONLINE,BIOMEDICAL ENGINEERING ONLINE,,RefCit,3,0
BMC MEDICAL IMAGING,BMC MEDICAL IMAGING,,RefCit,1,0
BMC MUSCULOSKELETAL DISORDERS,BMC MUSCULOSKELETAL DISORDERS,,RefCit,3,0
COMPUTER AIDED SURGERY,COMPUTER AIDED SURGERY,,RefCit,1,0
COMPUTER METHODS IN BIOMECHANICS AND BIOMEDICAL ENGINEERING-IMAGING AND VISUALIZATION,COMPUTER METHODS IN BIOMECHANICS AND BIOMEDICAL ENGINEERING-IMAGING AND VISUALIZATION,,RefCit,0,0
COMPUTERS IN BIOLOGY AND MEDICINE,COMPUTERS IN BIOLOGY AND MEDICINE,,RefCit,1,0
EQUINE VETERINARY JOURNAL,EQUINE VETERINARY JOURNAL,,RefCit,1,0
EURASIP JOURNAL ON ADVANCES IN SIGNAL PROCESSING,EURASIP JOURNAL ON ADVANCES IN SIGNAL PROCESSING,,RefCit,1,0
EUROPEAN SPINE JOURNAL,EUROPEAN SPINE JOURNAL,,RefCit,1,0
FOOT & ANKLE INTERNATIONAL,FOOT & ANKLE INTERNATIONAL,,RefCit,1,0
FRONTIERS IN BIOENGINEERING AND BIOTECHNOLOGY,FRONTIERS IN BIOENGINEERING AND BIOTECHNOLOGY,,RefCit,1,0
GAIT & POSTURE,GAIT & POSTURE,,RefCit,1,0
IMAGE ANALYSIS: SCANDINAVIAN CONFERENCE,IMAGE ANALYSIS: SCANDINAVIAN CONFERENCE,,RefCit,1,0
INTEGRATIVE ORGANISMAL BIOLOGY,INTEGRATIVE ORGANISMAL BIOLOGY,,RefCit,1,0
INTERNATIONAL JOURNAL OF COMPUTER ASSISTED RADIOLOGY AND SURGERY,INTERNATIONAL JOURNAL OF COMPUTER ASSISTED RADIOLOGY AND SURGERY,,RefCit,1,0
INTERNATIONAL MECHANICAL ENGINEERING CONGRESS AND EXPOSITION,INTERNATIONAL MECHANICAL ENGINEERING CONGRESS AND EXPOSITION,,RefCit,1,0
JBJS REVIEWS,JBJS REVIEWS,,RefCit,1,0
JOURNAL OF APPLIED BIOMECHANICS,JOURNAL OF APPLIED BIOMECHANICS,,RefCit,2,0
JOURNAL OF ARTHROPLASTY,JOURNAL OF ARTHROPLASTY,,RefCit,1,0
JOURNAL OF BIOMECHANICAL ENGINEERING,JOURNAL OF BIOMECHANICAL ENGINEERING,,RefCit,1,0
JOURNAL OF BONE AND JOINT SURGERY,JOURNAL OF BONE AND JOINT SURGERY,,RefCit,1,0
JOURNAL OF DAIRY SCIENCE,JOURNAL OF DAIRY SCIENCE,,RefCit,1,0
JOURNAL OF EXPERIMENTAL ZOOLOGY PART A,JOURNAL OF EXPERIMENTAL ZOOLOGY PART A,,RefCit,1,0
JOURNAL OF FELINE MEDICINE AND SURGERY,JOURNAL OF FELINE MEDICINE AND SURGERY,,RefCit,1,0
JOURNAL OF FOOT AND ANKLE RESEARCH,JOURNAL OF FOOT AND ANKLE RESEARCH,,RefCit,1,0
JOURNAL OF MEDICAL DEVICES,JOURNAL OF MEDICAL DEVICES,,RefCit,1,0
JOURNAL OF NEUROSURGERY-SPINE,JOURNAL OF NEUROSURGERY-SPINE,,RefCit,1,0
JOURNAL OF ORAL AND MAXILLOFACIAL SURGERY,JOURNAL OF ORAL AND MAXILLOFACIAL SURGERY,,RefCit,1,0
JOURNAL OF ORTHOPAEDICS,JOURNAL OF ORTHOPAEDICS,,RefCit,1,0
JOURNAL OF SHOULDER AND ELBOW SURGERY,JOURNAL OF SHOULDER AND ELBOW SURGERY,,RefCit,2,0
JOURNAL OF WRIST SURGERY,JOURNAL OF WRIST SURGERY,,RefCit,1,0
KNEE SURGERY SPORTS TRAUMATOLOGY ARTHROSCOPY,KNEE SURGERY SPORTS TRAUMATOLOGY ARTHROSCOPY,,RefCit,2,0
MAGNETIC RESONANCE IMAGING,MAGNETIC RESONANCE IMAGING,,RefCit,1,0
MEDICAL & BIOLOGICAL ENGINEERING & COMPUTING,MEDICAL & BIOLOGICAL ENGINEERING & COMPUTING,,RefCit,0,0
MEDICAL ENGINEERING & PHYSICS,MEDICAL ENGINEERING & PHYSICS,,RefCit,1,0
MEDICAL IMAGING,MEDICAL IMAGING,,RefCit,1,0
MEDICAL PHYSICS,MEDICAL PHYSICS,,RefCit,1,0
MEDICINE AND SCIENCE IN SPORTS AND EXERCISE,MEDICINE AND SCIENCE IN SPORTS AND EXERCISE,,RefCit,0,0
ORTHOPAEDIC JOURNAL OF SPORTS MEDICINE,ORTHOPAEDIC JOURNAL OF SPORTS MEDICINE,,RefCit,2,0
OSTEOARTHRITIS AND CARTILAGE,OSTEOARTHRITIS AND CARTILAGE,,RefCit,1,0
PHYSICS IN MEDICINE AND BIOLOGY,PHYSICS IN MEDICINE AND BIOLOGY,,RefCit,1,0
PHYSIOLOGICAL MEASUREMENT,PHYSIOLOGICAL MEASUREMENT,,RefCit,3,0
PM&R,PM&R,,RefCit,2,0
PROCEEDINGS OF THE INSTITUTION OF MECHANICAL ENGINEERS PART H-JOURNAL OF ENGINEERING IN MEDICINE,PROCEEDINGS OF THE INSTITUTION OF MECHANICAL ENGINEERS PART H-JOURNAL OF ENGINEERING IN MEDICINE,,RefCit,0,0
RHEUMATIC DISEASE CLINICS OF NORTH AMERICA,RHEUMATIC DISEASE CLINICS OF NORTH AMERICA,,RefCit,1,0
SCIENCE CHINA TECHNOLOGICAL SCIENCES,SCIENCE CHINA TECHNOLOGICAL SCIENCES,,RefCit,1,0
SPINE,SPINE,,RefCit,1,0
SPINE JOURNAL,SPINE JOURNAL,,RefCit,1,0
SURGICAL AND RADIOLOGIC ANATOMY,SURGICAL AND RADIOLOGIC ANATOMY,,RefCit,1,0
TRAITEMENT DU SIGNAL,TRAITEMENT DU SIGNAL,,RefCit,1,0
TRIALS,TRIALS,,RefCit,5,0
VIDEOMETRICS RANGE IMAGING AND APPLICATIONS,VIDEOMETRICS RANGE IMAGING AND APPLICATIONS,,RefCit,1,0
VISUAL COMPUTER,VISUAL COMPUTER,,RefCit,1,0
WORLD NEUROSURGERY,WORLD NEUROSURGERY,,RefCit,3,0
BIOLOGICAL CYBERNETICS,BIOLOGICAL CYBERNETICS,,RefCit,0,0
BIOMEDIZINISCHE TECHNIK,BIOMEDIZINISCHE TECHNIK,,RefCit,0,0
BMC NEUROLOGY,BMC NEUROLOGY,,RefCit,5,0
BONE & JOINT JOURNAL,BONE & JOINT JOURNAL,,RefCit,1,0
BONE & JOINT RESEARCH,BONE & JOINT RESEARCH,,RefCit,0,0
BRAIN RESEARCH,BRAIN RESEARCH,,RefCit,0,0
BRITISH JOURNAL OF SPORTS MEDICINE,BRITISH JOURNAL OF SPORTS MEDICINE,,RefCit,2,0
CLINICAL ANATOMY,CLINICAL ANATOMY,,RefCit,2,0
COMPUTER METHODS IN BIOMECHANICS AND BIOMEDICAL ENGINEERING,COMPUTER METHODS IN BIOMECHANICS AND BIOMEDICAL ENGINEERING,,RefCit,0,0
DISABILITY AND REHABILITATION,DISABILITY AND REHABILITATION,,RefCit,5,0
HUMAN MOVEMENT SCIENCE,HUMAN MOVEMENT SCIENCE,,RefCit,2,0
INDIAN JOURNAL OF ORTHOPAEDICS,INDIAN JOURNAL OF ORTHOPAEDICS,,RefCit,2,0
INTERNATIONAL JOURNAL OF ADVANCED ROBOTIC SYSTEMS,INTERNATIONAL JOURNAL OF ADVANCED ROBOTIC SYSTEMS,,RefCit,2,0
INTERNATIONAL ORTHOPAEDICS,INTERNATIONAL ORTHOPAEDICS,,RefCit,1,0
JOURNAL OF BURN CARE & RESEARCH,JOURNAL OF BURN CARE & RESEARCH,,RefCit,2,0
JOURNAL OF HAND SURGERY,JOURNAL OF HAND SURGERY,,RefCit,1,0
JOURNAL OF HAND THERAPY,JOURNAL OF HAND THERAPY,,RefCit,2,0
JOURNAL OF REHABILITATION RESEARCH AND DEVELOPMENT,JOURNAL OF REHABILITATION RESEARCH AND DEVELOPMENT,,RefCit,2,0
JOURNAL OF SPORT REHABILITATION,JOURNAL OF SPORT REHABILITATION,,RefCit,2,0
MANUAL THERAPY,MANUAL THERAPY,,RefCit,2,0
MECHANISM AND MACHINE THEORY,MECHANISM AND MACHINE THEORY,,RefCit,0,0
MILITARY MEDICINE,MILITARY MEDICINE,,RefCit,2,0
MULTIBODY SYSTEM DYNAMICS,MULTIBODY SYSTEM DYNAMICS,,RefCit,1,0
PHYSICAL THERAPY IN SPORT,PHYSICAL THERAPY IN SPORT,,RefCit,2,0
SPORTS BIOMECHANICS,SPORTS BIOMECHANICS,,RefCit,0,0
TEXTILE RESEARCH JOURNAL,TEXTILE RESEARCH JOURNAL,,RefCit,2,0
Bourne 2009,Bourne 2009,,Fonte,1,0
JOURNAL OF MEDICAL AND BIOLOGICAL ENGINEERING,JOURNAL OF MEDICAL AND BIOLOGICAL ENGINEERING,,RefCit,1,0
CLINICAL PHYSIOLOGY AND FUNCTIONAL IMAGING,CLINICAL PHYSIOLOGY AND FUNCTIONAL IMAGING,,RefCit,0,0
EUROPEAN JOURNAL OF SPORT SCIENCE,EUROPEAN JOURNAL OF SPORT SCIENCE,,RefCit,0,0
JOURNAL OF CLINICAL MEDICINE,JOURNAL OF CLINICAL MEDICINE,,RefCit,0,0
REVISTA INTERNACIONAL DE METODOS NUMERICOS PARA CALCULO Y DISENO EN INGENIERIA,REVISTA INTERNACIONAL DE METODOS NUMERICOS PARA CALCULO Y DISENO EN INGENIERIA,,RefCit,4,0
SENSORS,SENSORS,,RefCit,3,0
BRAZILIAN JOURNAL OF PHYSICAL THERAPY,BRAZILIAN JOURNAL OF PHYSICAL THERAPY,,RefCit,2,0
BREAST CANCER RESEARCH AND TREATMENT,BREAST CANCER RESEARCH AND TREATMENT,,RefCit,2,0
BRITISH JOURNAL OF INDUSTRIAL MEDICINE,BRITISH JOURNAL OF INDUSTRIAL MEDICINE,,RefCit,2,0
Ruiz Ibán 2020,Ruiz Ibán 2020,,Fonte,0,0
BRITISH JOURNAL OF SURGERY,BRITISH JOURNAL OF SURGERY,,RefCit,0,0
BRITISH MEDICAL JOURNAL,BRITISH MEDICAL JOURNAL,,RefCit,5,0
CANADIAN ASSOCIATION OF RADIOLOGISTS JOURNAL,CANADIAN ASSOCIATION OF RADIOLOGISTS JOURNAL,,RefCit,1,0
CANADIAN JOURNAL OF APPLIED PHYSIOLOGY,CANADIAN JOURNAL OF APPLIED PHYSIOLOGY,,RefCit,1,0
IEEE INTERNATIONAL SYMPOSIUM ON CONSUMER TECHNOLOGIES,IEEE INTERNATIONAL SYMPOSIUM ON CONSUMER TECHNOLOGIES,,RefCit,0,0
CHILDS NERVOUS SYSTEM,CHILDS NERVOUS SYSTEM,,RefCit,1,0
CHINESE JOURNAL OF PHYSIOLOGY,CHINESE JOURNAL OF PHYSIOLOGY,,RefCit,1,0
BIOMED RESEARCH INTERNATIONAL,BIOMED RESEARCH INTERNATIONAL,,RefCit,0,0
BMC SPORTS SCIENCE MEDICINE AND REHABILITATION,BMC SPORTS SCIENCE MEDICINE AND REHABILITATION,,RefCit,0,0
JOURNAL OF ATHLETIC TRAINING,JOURNAL OF ATHLETIC TRAINING,,RefCit,2,0
JOURNAL OF BODYWORK AND MOVEMENT THERAPIES,JOURNAL OF BODYWORK AND MOVEMENT THERAPIES,,RefCit,2,0
JOURNAL OF SCIENCE AND MEDICINE IN SPORT,JOURNAL OF SCIENCE AND MEDICINE IN SPORT,,RefCit,0,0
PERSONAL AND UBIQUITOUS COMPUTING,PERSONAL AND UBIQUITOUS COMPUTING,,RefCit,0,0
PHYSICAL THERAPY REVIEWS,PHYSICAL THERAPY REVIEWS,,RefCit,0,0
de Baets 2020,de Baets 2020,,Fonte,1,0
Höglund 2021,Höglund 2021,,Fonte,3,0
Illyés 2006,Illyés 2006,,Fonte,0,0
Jaspers 2011’,Jaspers 2011’,,Fonte,1,0
Parel 2012,Parel 2012,,Fonte,3,0
Wolf 2019,Wolf 2019,,Fonte,1,0
CLINICAL REHABILITATION,CLINICAL REHABILITATION,,RefCit,1,0
CLINICAL RHEUMATOLOGY,CLINICAL RHEUMATOLOGY,,RefCit,2,0
CLINICS IN SPORTS MEDICINE,CLINICS IN SPORTS MEDICINE,,RefCit,2,0
COMPUTERIZED MEDICAL IMAGING AND GRAPHICS,COMPUTERIZED MEDICAL IMAGING AND GRAPHICS,,RefCit,1,0
ANNALS OF PHYSICAL AND REHABILITATION MEDICINE,ANNALS OF PHYSICAL AND REHABILITATION MEDICINE,,RefCit,0,0
ARCHIVES OF REHABILITATION,ARCHIVES OF REHABILITATION,,RefCit,4,0
BIORESEARCH OPEN ACCESS,BIORESEARCH OPEN ACCESS,,RefCit,4,0
BREAST CANCER,BREAST CANCER,,RefCit,4,0
ERGONOMICS,ERGONOMICS,,RefCit,3,0
EUROPEAN JOURNAL OF PHYSICAL AND REHABILITATION MEDICINE,EUROPEAN JOURNAL OF PHYSICAL AND REHABILITATION MEDICINE,,RefCit,0,0
GLAND SURGERY,GLAND SURGERY,,RefCit,4,0
IEEE INTERNATIONAL CONFERENCE ON MECHANICAL AND INTELLIGENT MANUFACTURING TECHNOLOGIES,IEEE INTERNATIONAL CONFERENCE ON MECHANICAL AND INTELLIGENT MANUFACTURING TECHNOLOGIES,,RefCit,4,0
IEEE/RSJ INTERNATIONAL CONFERENCE ON INTELLIGENT ROBOTS AND SYSTEMS,IEEE/RSJ INTERNATIONAL CONFERENCE ON INTELLIGENT ROBOTS AND SYSTEMS,,RefCit,4,0
INTERNATIONAL JOURNAL OF OSTEOPATHIC MEDICINE,INTERNATIONAL JOURNAL OF OSTEOPATHIC MEDICINE,,RefCit,4,0
JOURNAL OF CANCER SURVIVORSHIP,JOURNAL OF CANCER SURVIVORSHIP,,RefCit,4,0
JOURNAL OF CHRONIC OBSTRUCTIVE PULMONARY DISEASE,JOURNAL OF CHRONIC OBSTRUCTIVE PULMONARY DISEASE,,RefCit,4,0
JOURNAL OF HUMAN KINETICS,JOURNAL OF HUMAN KINETICS,,RefCit,2,0
JOURNAL OF MANIPULATIVE AND PHYSIOLOGICAL THERAPEUTICS,JOURNAL OF MANIPULATIVE AND PHYSIOLOGICAL THERAPEUTICS,,RefCit,2,0
JOURNAL OF MECHANISMS AND ROBOTICS,JOURNAL OF MECHANISMS AND ROBOTICS,,RefCit,4,0
JOURNAL OF NEUROENGINEERING AND REHABILITATION,JOURNAL OF NEUROENGINEERING AND REHABILITATION,,RefCit,3,0
JOURNAL OF ORTHOPAEDIC SCIENCE,JOURNAL OF ORTHOPAEDIC SCIENCE,,RefCit,2,0
JOURNAL OF STRENGTH AND CONDITIONING RESEARCH,JOURNAL OF STRENGTH AND CONDITIONING RESEARCH,,RefCit,2,0
JOURNAL OF THE SOCIÉTÉ INTERNATIONALE DE CHIRURGIE ORTHOPÉDIQUE ET DE TRAUMATOLOGIE,JOURNAL OF THE SOCIÉTÉ INTERNATIONALE DE CHIRURGIE ORTHOPÉDIQUE ET DE TRAUMATOLOGIE,,RefCit,4,0
MEDICINA DELLO SPORT,MEDICINA DELLO SPORT,,RefCit,4,0
MUSCLE & NERVE,MUSCLE & NERVE,,RefCit,2,0
MUSCULOSKELETAL SCIENCE AND PRACTICE,MUSCULOSKELETAL SCIENCE AND PRACTICE,,RefCit,2,0
NEUROREHABILITATION AND NEURAL REPAIR,NEUROREHABILITATION AND NEURAL REPAIR,,RefCit,5,0
PATHOLOGY & ONCOLOGY RESEARCH,PATHOLOGY & ONCOLOGY RESEARCH,,RefCit,4,0
PEERJ,PEERJ,,RefCit,4,0
PHYSIOTHERAPY THEORY AND PRACTICE,PHYSIOTHERAPY THEORY AND PRACTICE,,RefCit,2,0
REPORTS OF PRACTICAL ONCOLOGY AND RADIOTHERAPY,REPORTS OF PRACTICAL ONCOLOGY AND RADIOTHERAPY,,RefCit,4,0
REVISTA INTERNACIONAL DE MEDICINA Y CIENCIAS DE LA ACTIVIDAD FISICA Y DEL DEPORTE,REVISTA INTERNACIONAL DE MEDICINA Y CIENCIAS DE LA ACTIVIDAD FISICA Y DEL DEPORTE,,RefCit,4,0
STRENGTH AND CONDITIONING JOURNAL,STRENGTH AND CONDITIONING JOURNAL,,RefCit,2,0
TOPICS IN GERIATRIC REHABILITATION,TOPICS IN GERIATRIC REHABILITATION,,RefCit,4,0
TRANSLATIONAL SPORTS MEDICINE,TRANSLATIONAL SPORTS MEDICINE,,RefCit,4,0
TURKISH JOURNAL OF PHYSIOTHERAPY REHABILITATION,TURKISH JOURNAL OF PHYSIOTHERAPY REHABILITATION,,RefCit,4,0
WOUNDS-A COMPENDIUM OF CLINICAL RESEARCH AND PRACTICE,WOUNDS-A COMPENDIUM OF CLINICAL RESEARCH AND PRACTICE,,RefCit,4,0
CURRENT OPINION IN PEDIATRICS,CURRENT OPINION IN PEDIATRICS,,RefCit,1,0
CURRENT ORTHOPAEDICS,CURRENT ORTHOPAEDICS,,RefCit,0,0
CURRENT PROBLEMS IN PEDIATRIC AND ADOLESCENT HEALTH CARE,CURRENT PROBLEMS IN PEDIATRIC AND ADOLESCENT HEALTH CARE,,RefCit,3,0
CURRENT REVIEWS IN MUSCULOSKELETAL MEDICINE,CURRENT REVIEWS IN MUSCULOSKELETAL MEDICINE,,RefCit,2,0
ACM TRANSACTIONS ON SENSOR NETWORKS,ACM TRANSACTIONS ON SENSOR NETWORKS,,RefCit,3,0
ADVANCED MATERIALS DESIGN AND MECHANICS,ADVANCED MATERIALS DESIGN AND MECHANICS,,RefCit,3,0
APPLIED BIONICS AND BIOMECHANICS,APPLIED BIONICS AND BIOMECHANICS,,RefCit,3,0
APPLIED ERGONOMICS,APPLIED ERGONOMICS,,RefCit,3,0
BIOINFORMATICS AND BIOMEDICAL ENGINEERING,BIOINFORMATICS AND BIOMEDICAL ENGINEERING,,RefCit,3,0
BIOMEDICAL SIGNAL PROCESSING AND CONTROL,BIOMEDICAL SIGNAL PROCESSING AND CONTROL,,RefCit,3,0
ELECTRONICS,ELECTRONICS,,RefCit,3,0
EXPERT REVIEW OF MEDICAL DEVICES,EXPERT REVIEW OF MEDICAL DEVICES,,RefCit,3,0
HUMAN FACTORS,HUMAN FACTORS,,RefCit,3,0
IEEE CONGRESS ON EVOLUTIONARY COMPUTATION,IEEE CONGRESS ON EVOLUTIONARY COMPUTATION,,RefCit,3,0
IEEE EMBS INTERNATIONAL CONFERENCE ON BIOMEDICAL AND HEALTH INFORMATICS,IEEE EMBS INTERNATIONAL CONFERENCE ON BIOMEDICAL AND HEALTH INFORMATICS,,RefCit,3,0
IEEE INTERNATIONAL CONFERENCE ON ELECTRONICS AND NANOTECHNOLOGY,IEEE INTERNATIONAL CONFERENCE ON ELECTRONICS AND NANOTECHNOLOGY,,RefCit,3,0
IEEE INTERNATIONAL CONFERENCE ON INDUSTRIAL TECHNOLOGY,IEEE INTERNATIONAL CONFERENCE ON INDUSTRIAL TECHNOLOGY,,RefCit,3,0
IEEE INTERNATIONAL CONFERENCE ON ROBOTICS AND AUTOMATION,IEEE INTERNATIONAL CONFERENCE ON ROBOTICS AND AUTOMATION,,RefCit,3,0
IEEE INTERNATIONAL CONFERENCE ON SYSTEMS MAN AND CYBERNETICS,IEEE INTERNATIONAL CONFERENCE ON SYSTEMS MAN AND CYBERNETICS,,RefCit,3,0
IEEE INTERNATIONAL CONFERENCE ON WEARABLE AND IMPLANTABLE BODY SENSOR NETWORKS,IEEE INTERNATIONAL CONFERENCE ON WEARABLE AND IMPLANTABLE BODY SENSOR NETWORKS,,RefCit,3,0
IEEE INTERNATIONAL SYMPOSIUM ON INERTIAL SENSORS & SYSTEMS,IEEE INTERNATIONAL SYMPOSIUM ON INERTIAL SENSORS & SYSTEMS,,RefCit,3,0
IEEE INTERNATIONAL SYMPOSIUM ON MEDICAL MEASUREMENTS AND APPLICATIONS,IEEE INTERNATIONAL SYMPOSIUM ON MEDICAL MEASUREMENTS AND APPLICATIONS,,RefCit,3,0
IEEE INTERNATIONAL SYMPOSIUM ON MIXED AND AUGMENTED REALITY,IEEE INTERNATIONAL SYMPOSIUM ON MIXED AND AUGMENTED REALITY,,RefCit,3,0
IEEE INTERNATIONAL SYMPOSIUM ON ROBOTICS AND MANUFACTURING AUTOMATION,IEEE INTERNATIONAL SYMPOSIUM ON ROBOTICS AND MANUFACTURING AUTOMATION,,RefCit,3,0
IEEE INTERNATIONAL WORKSHOP ON ADVANCES IN SENSORS AND INTERFACES,IEEE INTERNATIONAL WORKSHOP ON ADVANCES IN SENSORS AND INTERFACES,,RefCit,3,0
IEEE JOURNAL OF BIOMEDICAL AND HEALTH INFORMATICS,IEEE JOURNAL OF BIOMEDICAL AND HEALTH INFORMATICS,,RefCit,3,0
IEEE RAS/EMBS INTERNATIONAL CONFERENCE ON BIOMEDICAL ROBOTICS AND BIOMECHATRONICS,IEEE RAS/EMBS INTERNATIONAL CONFERENCE ON BIOMEDICAL ROBOTICS AND BIOMECHATRONICS,,RefCit,4,0
IEEE SENSORS JOURNAL,IEEE SENSORS JOURNAL,,RefCit,3,0
IEEE TRANSACTIONS ON BIOMEDICAL ENGINEERING,IEEE TRANSACTIONS ON BIOMEDICAL ENGINEERING,,RefCit,1,0
IEEE TRANSACTIONS ON INSTRUMENTATION AND MEASUREMENT,IEEE TRANSACTIONS ON INSTRUMENTATION AND MEASUREMENT,,RefCit,3,0
IEEE TRANSACTIONS ON NEURAL SYSTEMS AND REHABILITATION ENGINEERING,IEEE TRANSACTIONS ON NEURAL SYSTEMS AND REHABILITATION ENGINEERING,,RefCit,3,0
IEEE/ASME INTERNATIONAL CONFERENCE ON ADVANCED INTELLIGENT MECHATRONICS: MECHATRONICS FOR HUMAN WELLBEING,IEEE/ASME INTERNATIONAL CONFERENCE ON ADVANCED INTELLIGENT MECHATRONICS: MECHATRONICS FOR HUMAN WELLBEING,,RefCit,3,0
IISE TRANSACTIONS ON OCCUPATIONAL ERGONOMICS & HUMAN FACTORS,IISE TRANSACTIONS ON OCCUPATIONAL ERGONOMICS & HUMAN FACTORS,,RefCit,3,0
INTERNATIONAL CONFERENCE ON INFORMATION FUSION,INTERNATIONAL CONFERENCE ON INFORMATION FUSION,,RefCit,3,0
INTERNATIONAL CONFERENCE ON UBIQUITOUS AND FUTURE NETWORKS,INTERNATIONAL CONFERENCE ON UBIQUITOUS AND FUTURE NETWORKS,,RefCit,3,0
INTERNATIONAL JOURNAL OF DISTRIBUTED SENSOR NETWORKS,INTERNATIONAL JOURNAL OF DISTRIBUTED SENSOR NETWORKS,,RefCit,3,0
INTERNATIONAL JOURNAL OF ENVIRONMENTAL RESEARCH AND PUBLIC HEALTH,INTERNATIONAL JOURNAL OF ENVIRONMENTAL RESEARCH AND PUBLIC HEALTH,,RefCit,2,0
INTERNATIONAL JOURNAL OF INDUSTRIAL ERGONOMICS,INTERNATIONAL JOURNAL OF INDUSTRIAL ERGONOMICS,,RefCit,3,0
JOURNAL OF EXERCISE REHABILITATION,JOURNAL OF EXERCISE REHABILITATION,,RefCit,3,0
JOURNAL OF SPORTS SCIENCE AND MEDICINE,JOURNAL OF SPORTS SCIENCE AND MEDICINE,,RefCit,2,0
JOURNAL OF SPORTS SCIENCES,JOURNAL OF SPORTS SCIENCES,,RefCit,3,0
MEASUREMENT,MEASUREMENT,,RefCit,3,0
MOTOR CONTROL,MOTOR CONTROL,,RefCit,3,0
NEURAL REGENERATION RESEARCH,NEURAL REGENERATION RESEARCH,,RefCit,3,0
OPERATIVE NEUROSURGERY,OPERATIVE NEUROSURGERY,,RefCit,3,0
PAN AMERICAN HEALTH CARE EXCHANGES,PAN AMERICAN HEALTH CARE EXCHANGES,,RefCit,3,0
PROCEEDINGS OF THE ANNUAL INTERNATIONAL CONFERENCE ON MOBILE COMPUTING AND NETWORKING,PROCEEDINGS OF THE ANNUAL INTERNATIONAL CONFERENCE ON MOBILE COMPUTING AND NETWORKING,,RefCit,3,0
SCIENTIFIC REPORTS,SCIENTIFIC REPORTS,,RefCit,1,0
SENSORS AND SMART STRUCTURES TECHNOLOGIES FOR CIVIL MECHANICAL AND AEROSPACE SYSTEMS,SENSORS AND SMART STRUCTURES TECHNOLOGIES FOR CIVIL MECHANICAL AND AEROSPACE SYSTEMS,,RefCit,3,0
SPORTS MEDICINE-OPEN,SPORTS MEDICINE-OPEN,,RefCit,3,0
UNMANNED SYSTEMS,UNMANNED SYSTEMS,,RefCit,3,0
WORLD CONGRESS ON ENGINEERING,WORLD CONGRESS ON ENGINEERING,,RefCit,3,0
JOURNAL OF EXPERIMENTAL ORTHOPAEDICS,JOURNAL OF EXPERIMENTAL ORTHOPAEDICS,,RefCit,3,0
FRONTIERS IN NEUROLOGY,FRONTIERS IN NEUROLOGY,,RefCit,5,0
TURKISH JOURNAL OF PHYSICAL MEDICINE AND REHABILITATION,TURKISH JOURNAL OF PHYSICAL MEDICINE AND REHABILITATION,,RefCit,1,0
DEVELOPMENTAL MEDICINE AND CHILD NEUROLOGY,DEVELOPMENTAL MEDICINE AND CHILD NEUROLOGY,,RefCit,1,0
EUROPEAN JOURNAL OF APPLIED PHYSIOLOGY AND OCCUPATIONAL PHYSIOLOGY,EUROPEAN JOURNAL OF APPLIED PHYSIOLOGY AND OCCUPATIONAL PHYSIOLOGY,,RefCit,2,0
EXERCISE AND SPORT SCIENCES REVIEWS,EXERCISE AND SPORT SCIENCES REVIEWS,,RefCit,0,0
EXPERIMENTAL BRAIN RESEARCH,EXPERIMENTAL BRAIN RESEARCH,,RefCit,2,0
ACTA ORTOPEDICA BRASILEIRA,ACTA ORTOPEDICA BRASILEIRA,,RefCit,4,0
AMERICAN JOURNAL OF PHYSICAL ANTHROPOLOGY,AMERICAN JOURNAL OF PHYSICAL ANTHROPOLOGY,,RefCit,4,0
EUROPEAN JOURNAL OF APPLIED PHYSIOLOGY,EUROPEAN JOURNAL OF APPLIED PHYSIOLOGY,,RefCit,2,0
INTERNATIONAL JOURNAL OF SPORTS PHYSICAL THERAPY,INTERNATIONAL JOURNAL OF SPORTS PHYSICAL THERAPY,,RefCit,2,0
IRANIAN JOURNAL OF RADIOLOGY,IRANIAN JOURNAL OF RADIOLOGY,,RefCit,4,0
JOURNAL OF REHABILITATION AND ASSISTIVE TECHNOLOGIES ENGINEERING,JOURNAL OF REHABILITATION AND ASSISTIVE TECHNOLOGIES ENGINEERING,,RefCit,4,0
JOURNAL OF REHABILITATION MEDICINE,JOURNAL OF REHABILITATION MEDICINE,,RefCit,0,0
PRESSE MEDICALE,PRESSE MEDICALE,,RefCit,4,0
SPRINGERPLUS,SPRINGERPLUS,,RefCit,4,0
ATHLETIC THERAPY TODAY,ATHLETIC THERAPY TODAY,,RefCit,2,0
CLINICAL NEUROPHYSIOLOGY,CLINICAL NEUROPHYSIOLOGY,,RefCit,2,0
GAZZETTA MEDICA ITALIANA ARCHIVIO PER LE SCIENZE MEDICHE,GAZZETTA MEDICA ITALIANA ARCHIVIO PER LE SCIENZE MEDICHE,,RefCit,2,0
HEALTHCARE,HEALTHCARE,,RefCit,2,0
INTERNATIONAL ARCHIVES OF OCCUPATIONAL AND ENVIRONMENTAL HEALTH,INTERNATIONAL ARCHIVES OF OCCUPATIONAL AND ENVIRONMENTAL HEALTH,,RefCit,2,0
INTERNATIONAL JOURNAL OF OCCUPATIONAL SAFETY AND ERGONOMICS,INTERNATIONAL JOURNAL OF OCCUPATIONAL SAFETY AND ERGONOMICS,,RefCit,2,0
INTERNATIONAL JOURNAL OF REHABILITATION RESEARCH,INTERNATIONAL JOURNAL OF REHABILITATION RESEARCH,,RefCit,2,0
INTERNATIONAL SYMPOSIUM ON OCCUPATIONAL SAFETY AND HYGIENE,INTERNATIONAL SYMPOSIUM ON OCCUPATIONAL SAFETY AND HYGIENE,,RefCit,2,0
JOURNAL OF BACK AND MUSCULOSKELETAL REHABILITATION,JOURNAL OF BACK AND MUSCULOSKELETAL REHABILITATION,,RefCit,2,0
JOURNAL OF CHIROPRACTIC MEDICINE,JOURNAL OF CHIROPRACTIC MEDICINE,,RefCit,0,0
JOURNAL OF MEDICAL IMAGING AND HEALTH INFORMATICS,JOURNAL OF MEDICAL IMAGING AND HEALTH INFORMATICS,,RefCit,2,0
JOURNAL OF PHYSICAL THERAPY SCIENCE,JOURNAL OF PHYSICAL THERAPY SCIENCE,,RefCit,2,0
JOURNAL OF SPINAL CORD MEDICINE,JOURNAL OF SPINAL CORD MEDICINE,,RefCit,2,0
NEUROLOGY INDIA,NEUROLOGY INDIA,,RefCit,2,0
OPTOMECHATRONIC ACTUATORS MANIPULATION AND SYSTEMS CONTROL,OPTOMECHATRONIC ACTUATORS MANIPULATION AND SYSTEMS CONTROL,,RefCit,2,0
PROSTHETICS AND ORTHOTICS INTERNATIONAL,PROSTHETICS AND ORTHOTICS INTERNATIONAL,,RefCit,2,0
SCANDINAVIAN JOURNAL OF MEDICINE & SCIENCE IN SPORTS,SCANDINAVIAN JOURNAL OF MEDICINE & SCIENCE IN SPORTS,,RefCit,2,0
SPORTS MEDICINE AND ARTHROSCOPY REVIEW,SPORTS MEDICINE AND ARTHROSCOPY REVIEW,,RefCit,2,0
SYMPOSIUM ON VIRTUAL AND AUGMENTED REALITY,SYMPOSIUM ON VIRTUAL AND AUGMENTED REALITY,,RefCit,2,0
FRONTIERS IN COMPUTATIONAL NEUROSCIENCE,FRONTIERS IN COMPUTATIONAL NEUROSCIENCE,,RefCit,0,0
FRONTIERS IN HUMAN NEUROSCIENCE,FRONTIERS IN HUMAN NEUROSCIENCE,,RefCit,1,0
ACTA ORTHOPAEDICA ET TRAUMATOLOGICA TURCICA,ACTA ORTHOPAEDICA ET TRAUMATOLOGICA TURCICA,,RefCit,2,0
DIAGNOSTICS,DIAGNOSTICS,,RefCit,2,0
HEALTH AND QUALITY OF LIFE OUTCOMES,HEALTH AND QUALITY OF LIFE OUTCOMES,,RefCit,0,0
HEFTE ZUR UNFALLHEILKUNDE,HEFTE ZUR UNFALLHEILKUNDE,,RefCit,0,0
INTERNATIONAL JOURNAL OF THERAPY AND REHABILITATION,INTERNATIONAL JOURNAL OF THERAPY AND REHABILITATION,,RefCit,1,0
IEEE AEROSPACE AND ELECTRONIC SYSTEMS MAGAZINE,IEEE AEROSPACE AND ELECTRONIC SYSTEMS MAGAZINE,,RefCit,3,0
IEEE NUCLEAR SCIENCE SYMPOSIUM,IEEE NUCLEAR SCIENCE SYMPOSIUM,,RefCit,1,0
IEEE TRANSACTIONS ON MEDICAL IMAGING,IEEE TRANSACTIONS ON MEDICAL IMAGING,,RefCit,1,0
IEEE TRANSACTIONS ON PATTERN ANALYSIS AND MACHINE INTELLIGENCE,IEEE TRANSACTIONS ON PATTERN ANALYSIS AND MACHINE INTELLIGENCE,,RefCit,1,0
IEEE TRANSACTIONS ON ROBOTICS AND AUTOMATION,IEEE TRANSACTIONS ON ROBOTICS AND AUTOMATION,,RefCit,0,0
BMJ OPEN,BMJ OPEN,,RefCit,2,0
CHILDHOOD OBESITY,CHILDHOOD OBESITY,,RefCit,0,0
MOVEMENT DISORDERS,MOVEMENT DISORDERS,,RefCit,0,0
PERIODICA POLYTECHNICA-CIVIL ENGINEERING,PERIODICA POLYTECHNICA-CIVIL ENGINEERING,,RefCit,0,0
PHYSIOTHERAPY,PHYSIOTHERAPY,,RefCit,0,0
INJURY-INTERNATIONAL JOURNAL OF THE CARE OF THE INJURED,INJURY-INTERNATIONAL JOURNAL OF THE CARE OF THE INJURED,,RefCit,1,0
INTERNATIONAL BIOMECHANICS,INTERNATIONAL BIOMECHANICS,,RefCit,1,0
INTERNATIONAL CONFERENCE ON CIVIL AND ENVIRONMENTAL ENGINEERING FOR SUSTAINABILITY,INTERNATIONAL CONFERENCE ON CIVIL AND ENVIRONMENTAL ENGINEERING FOR SUSTAINABILITY,,RefCit,1,0
INTERNATIONAL JOURNAL OF NURSING STUDIES,INTERNATIONAL JOURNAL OF NURSING STUDIES,,RefCit,5,0
INTERNATIONAL JOURNAL OF SPORT BIOMECHANICS,INTERNATIONAL JOURNAL OF SPORT BIOMECHANICS,,RefCit,2,0
INTERNATIONAL JOURNAL OF STROKE,INTERNATIONAL JOURNAL OF STROKE,,RefCit,5,0
INVESTIGATIVE RADIOLOGY,INVESTIGATIVE RADIOLOGY,,RefCit,1,0
JAMA-JOURNAL OF THE AMERICAN MEDICAL ASSOCIATION,JAMA-JOURNAL OF THE AMERICAN MEDICAL ASSOCIATION,,RefCit,5,0
BURNS,BURNS,,RefCit,1,0
EUROPEAN JOURNAL OF PAEDIATRIC NEUROLOGY,EUROPEAN JOURNAL OF PAEDIATRIC NEUROLOGY,,RefCit,1,0
INFANT BEHAVIOR & DEVELOPMENT,INFANT BEHAVIOR & DEVELOPMENT,,RefCit,1,0
JOURNAL OF MEDICAL SYSTEMS,JOURNAL OF MEDICAL SYSTEMS,,RefCit,1,0
NEURAL PLASTICITY,NEURAL PLASTICITY,,RefCit,1,0
NEUROMUSCULAR DISORDERS,NEUROMUSCULAR DISORDERS,,RefCit,1,0
RESEARCH IN DEVELOPMENTAL DISABILITIES,RESEARCH IN DEVELOPMENTAL DISABILITIES,,RefCit,1,0
BMC PEDIATRICS,BMC PEDIATRICS,,RefCit,1,0
JOURNAL OF CHILD NEUROLOGY,JOURNAL OF CHILD NEUROLOGY,,RefCit,1,0
NEUROREHABILITATION,NEUROREHABILITATION,,RefCit,5,0
SEMINARS IN PLASTIC SURGERY,SEMINARS IN PLASTIC SURGERY,,RefCit,1,0
Koh 1998,Koh 1998,,Fonte,1,0
JOURNAL OF CLINICAL EPIDEMIOLOGY,JOURNAL OF CLINICAL EPIDEMIOLOGY,,RefCit,2,0
JOURNAL OF CLINICAL ONCOLOGY,JOURNAL OF CLINICAL ONCOLOGY,,RefCit,2,0
JOURNAL OF EXPERIMENTAL BIOLOGY,JOURNAL OF EXPERIMENTAL BIOLOGY,,RefCit,1,0
JOURNAL OF GUIDANCE CONTROL AND DYNAMICS,JOURNAL OF GUIDANCE CONTROL AND DYNAMICS,,RefCit,1,0
JOURNAL OF MEDICAL ENGINEERING & TECHNOLOGY,JOURNAL OF MEDICAL ENGINEERING & TECHNOLOGY,,RefCit,0,0
JOURNAL OF MOTOR BEHAVIOR,JOURNAL OF MOTOR BEHAVIOR,,RefCit,5,0
JOURNAL OF NEUROLOGIC PHYSICAL THERAPY,JOURNAL OF NEUROLOGIC PHYSICAL THERAPY,,RefCit,5,0
JOURNAL OF NEUROSCIENCE,JOURNAL OF NEUROSCIENCE,,RefCit,4,0
JOURNAL OF NEUROSURGERY-PEDIATRICS,JOURNAL OF NEUROSURGERY-PEDIATRICS,,RefCit,1,0
JOURNAL OF OCCUPATIONAL MEDICINE AND TOXICOLOGY,JOURNAL OF OCCUPATIONAL MEDICINE AND TOXICOLOGY,,RefCit,1,0
JOURNAL OF ORAL REHABILITATION,JOURNAL OF ORAL REHABILITATION,,RefCit,0,0
JOURNAL OF ORTHOPAEDIC SURGERY AND RESEARCH,JOURNAL OF ORTHOPAEDIC SURGERY AND RESEARCH,,RefCit,0,0
JOURNAL OF PEDIATRIC ORTHOPAEDICS,JOURNAL OF PEDIATRIC ORTHOPAEDICS,,RefCit,1,0
JOURNAL OF PEDIATRIC ORTHOPAEDICS-PART B,JOURNAL OF PEDIATRIC ORTHOPAEDICS-PART B,,RefCit,1,0
JOURNAL OF RHEUMATOLOGY,JOURNAL OF RHEUMATOLOGY,,RefCit,4,0
JOURNAL OF THE AMERICAN ACADEMY OF ORTHOPAEDIC SURGEONS,JOURNAL OF THE AMERICAN ACADEMY OF ORTHOPAEDIC SURGEONS,,RefCit,1,0
JOURNAL OF THE AMERICAN COLLEGE OF CARDIOLOGY,JOURNAL OF THE AMERICAN COLLEGE OF CARDIOLOGY,,RefCit,2,0
JOURNAL OF THE AMERICAN GERIATRICS SOCIETY,JOURNAL OF THE AMERICAN GERIATRICS SOCIETY,,RefCit,2,0
JOURNAL OF THE BELGIAN SOCIETY OF RADIOLOGY,JOURNAL OF THE BELGIAN SOCIETY OF RADIOLOGY,,RefCit,1,0
JOURNAL OF TRAUMA-INJURY INFECTION AND CRITICAL CARE,JOURNAL OF TRAUMA-INJURY INFECTION AND CRITICAL CARE,,RefCit,0,0
ACTA ONCOLOGICA,ACTA ONCOLOGICA,,RefCit,0,0
ARTHRITIS & RHEUMATISM-ARTHRITIS CARE & RESEARCH,ARTHRITIS & RHEUMATISM-ARTHRITIS CARE & RESEARCH,,RefCit,0,0
BIOMEDICAL ENGINEERING-APPLICATIONS BASIS COMMUNICATIONS,BIOMEDICAL ENGINEERING-APPLICATIONS BASIS COMMUNICATIONS,,RefCit,0,0
CAHIERS DE PSYCHOLOGIE COGNITIVE-CURRENT PSYCHOLOGY OF COGNITION,CAHIERS DE PSYCHOLOGIE COGNITIVE-CURRENT PSYCHOLOGY OF COGNITION,,RefCit,0,0
CLINICAL AND EXPERIMENTAL HEALTH SCIENCES,CLINICAL AND EXPERIMENTAL HEALTH SCIENCES,,RefCit,0,0
CLINICAL MEDICINE INSIGHTS-ARTHRITIS AND MUSCULOSKELETAL DISORDERS,CLINICAL MEDICINE INSIGHTS-ARTHRITIS AND MUSCULOSKELETAL DISORDERS,,RefCit,0,0
CLINICAL NEUROLOGY AND NEUROSURGERY,CLINICAL NEUROLOGY AND NEUROSURGERY,,RefCit,0,0
COMPUTER GRAPHICS FORUM,COMPUTER GRAPHICS FORUM,,RefCit,0,0
FRONTIERS IN NEUROROBOTICS,FRONTIERS IN NEUROROBOTICS,,RefCit,0,0
INTERNATIONAL JOURNAL OF PRECISION ENGINEERING AND MANUFACTURING,INTERNATIONAL JOURNAL OF PRECISION ENGINEERING AND MANUFACTURING,,RefCit,0,0
INTERNATIONAL JOURNAL OF SPORTS MEDICINE,INTERNATIONAL JOURNAL OF SPORTS MEDICINE,,RefCit,2,0
JOURNAL OF COMPUTER ASSISTED TOMOGRAPHY,JOURNAL OF COMPUTER ASSISTED TOMOGRAPHY,,RefCit,0,0
JOURNAL OF MECHANICS IN MEDICINE AND BIOLOGY,JOURNAL OF MECHANICS IN MEDICINE AND BIOLOGY,,RefCit,2,0
JOURNAL OF ORTHOPAEDIC SURGERY,JOURNAL OF ORTHOPAEDIC SURGERY,,RefCit,0,0
JOURNAL OF ORTHOPAEDIC TRAUMA,JOURNAL OF ORTHOPAEDIC TRAUMA,,RefCit,2,0
JOURNAL OF SPORTS MEDICINE AND PHYSICAL FITNESS,JOURNAL OF SPORTS MEDICINE AND PHYSICAL FITNESS,,RefCit,2,0
MEDICAL PROBLEMS OF PERFORMING ARTISTS,MEDICAL PROBLEMS OF PERFORMING ARTISTS,,RefCit,1,0
MEDICINE,MEDICINE,,RefCit,2,0
NEUROSCIENCE,NEUROSCIENCE,,RefCit,0,0
ORTHOPAEDIC SURGERY,ORTHOPAEDIC SURGERY,,RefCit,0,0
ORTHOPAEDICS & TRAUMATOLOGY-SURGERY & RESEARCH,ORTHOPAEDICS & TRAUMATOLOGY-SURGERY & RESEARCH,,RefCit,0,0
ORTHOPEDIC CLINICS OF NORTH AMERICA,ORTHOPEDIC CLINICS OF NORTH AMERICA,,RefCit,2,0
PHYSIOSCIENCE,PHYSIOSCIENCE,,RefCit,0,0
SPINAL CORD,SPINAL CORD,,RefCit,0,0
SPORTS MEDICINE,SPORTS MEDICINE,,RefCit,0,0
ZHURNAL VYSSHEI NERVNOI DEYATELNOSTI IMENI I P PAVLOVA,ZHURNAL VYSSHEI NERVNOI DEYATELNOSTI IMENI I P PAVLOVA,,RefCit,0,0
ADVANCED ENGINEERING MATERIALS,ADVANCED ENGINEERING MATERIALS,,RefCit,1,0
LANCET,LANCET,,RefCit,0,0
ANNALS OF MEDICINE,ANNALS OF MEDICINE,,RefCit,2,0
AGING CLINICAL AND EXPERIMENTAL RESEARCH,AGING CLINICAL AND EXPERIMENTAL RESEARCH,,RefCit,2,0
CELL BIOCHEMISTRY AND BIOPHYSICS,CELL BIOCHEMISTRY AND BIOPHYSICS,,RefCit,2,0
IUTAM SYMPOSIUM ON HUMAN BODY DYNAMICS,IUTAM SYMPOSIUM ON HUMAN BODY DYNAMICS,,RefCit,2,0
JOURNAL OF ACUPUNCTURE AND TUINA SCIENCE,JOURNAL OF ACUPUNCTURE AND TUINA SCIENCE,,RefCit,2,0
JOURNAL OF MANUAL & MANIPULATIVE THERAPY,JOURNAL OF MANUAL & MANIPULATIVE THERAPY,,RefCit,2,0
JOURNAL OF NEUROSCIENCES IN RURAL PRACTICE,JOURNAL OF NEUROSCIENCES IN RURAL PRACTICE,,RefCit,2,0
JOURNAL OF OCCUPATIONAL HEALTH,JOURNAL OF OCCUPATIONAL HEALTH,,RefCit,2,0
JOURNAL OF OCCUPATIONAL REHABILITATION,JOURNAL OF OCCUPATIONAL REHABILITATION,,RefCit,2,0
JOURNAL OF VOICE,JOURNAL OF VOICE,,RefCit,2,0
MEDICAL HYPOTHESES,MEDICAL HYPOTHESES,,RefCit,2,0
RAWAL MEDICAL JOURNAL,RAWAL MEDICAL JOURNAL,,RefCit,2,0
CLINICAL JOURNAL OF SPORT MEDICINE,CLINICAL JOURNAL OF SPORT MEDICINE,,RefCit,2,0
INTERNATIONAL JOURNAL OF SHOULDER SURGERY,INTERNATIONAL JOURNAL OF SHOULDER SURGERY,,RefCit,2,0
INTERNATIONAL JOURNAL OF HUMANOID ROBOTICS,INTERNATIONAL JOURNAL OF HUMANOID ROBOTICS,,RefCit,0,0
ACTA MEDICA OKAYAMA,ACTA MEDICA OKAYAMA,,RefCit,0,0
ACTA ORTHOPAEDICA BELGICA,ACTA ORTHOPAEDICA BELGICA,,RefCit,2,0
ACTA PHYSIOLOGICA,ACTA PHYSIOLOGICA,,RefCit,2,0
ADVANCES IN INTEGRATIVE MEDICINE,ADVANCES IN INTEGRATIVE MEDICINE,,RefCit,2,0
AGRI-THE JOURNAL OF THE TURKISH SOCIETY OF ALGOLOGY,AGRI-THE JOURNAL OF THE TURKISH SOCIETY OF ALGOLOGY,,RefCit,2,0
ANAESTHESIA PAIN & INTENSIVE CARE,ANAESTHESIA PAIN & INTENSIVE CARE,,RefCit,2,0
ANATOMICAL SCIENCE INTERNATIONAL,ANATOMICAL SCIENCE INTERNATIONAL,,RefCit,2,0
ANNALS OF APPLIED SPORT SCIENCE,ANNALS OF APPLIED SPORT SCIENCE,,RefCit,2,0
ANNALS OF REHABILITATION MEDICINE-ARM,ANNALS OF REHABILITATION MEDICINE-ARM,,RefCit,2,0
BIOMEDICAL HUMAN KINETICS,BIOMEDICAL HUMAN KINETICS,,RefCit,2,0
BIOSCIENCE RESEARCH,BIOSCIENCE RESEARCH,,RefCit,2,0
BMJ OPEN SPORT & EXERCISE MEDICINE,BMJ OPEN SPORT & EXERCISE MEDICINE,,RefCit,2,0
CIENCIA & SAUDE COLETIVA,CIENCIA & SAUDE COLETIVA,,RefCit,2,0
CLINICAL JOURNAL OF PAIN,CLINICAL JOURNAL OF PAIN,,RefCit,2,0
CLINICS IN ORTHOPEDIC SURGERY,CLINICS IN ORTHOPEDIC SURGERY,,RefCit,2,0
COMPLEMENTARY THERAPIES IN CLINICAL PRACTICE,COMPLEMENTARY THERAPIES IN CLINICAL PRACTICE,,RefCit,2,0
CONFERENCE ON ELECTRONICS TELECOMMUNICATIONS AND COMPUTERS,CONFERENCE ON ELECTRONICS TELECOMMUNICATIONS AND COMPUTERS,,RefCit,2,0
CURRENT SPORTS MEDICINE REPORTS,CURRENT SPORTS MEDICINE REPORTS,,RefCit,2,0
EUROPEAN JOURNAL OF PHYSIOTHERAPY,EUROPEAN JOURNAL OF PHYSIOTHERAPY,,RefCit,2,0
EUROPEAN JOURNAL OF TRANSLATIONAL MYOLOGY,EUROPEAN JOURNAL OF TRANSLATIONAL MYOLOGY,,RefCit,2,0
FAMILY PRACTICE,FAMILY PRACTICE,,RefCit,2,0
FRONTIERS IN SPORTS AND ACTIVE LIVING,FRONTIERS IN SPORTS AND ACTIVE LIVING,,RefCit,2,0
HAND CLINICS,HAND CLINICS,,RefCit,2,0
IEEE INTERNATIONAL CONFERENCE ON ROBOTICS AND BIOMIMETICS,IEEE INTERNATIONAL CONFERENCE ON ROBOTICS AND BIOMIMETICS,,RefCit,2,0
INTEGRATIVE CANCER THERAPIES,INTEGRATIVE CANCER THERAPIES,,RefCit,2,0
INTERNATIONAL JOURNAL OF ATHLETIC THERAPY & TRAINING,INTERNATIONAL JOURNAL OF ATHLETIC THERAPY & TRAINING,,RefCit,2,0
INTERNATIONAL JOURNAL OF CLINICAL PRACTICE,INTERNATIONAL JOURNAL OF CLINICAL PRACTICE,,RefCit,2,0
INTERNATIONAL JOURNAL OF PHYSIOTHERAPY,INTERNATIONAL JOURNAL OF PHYSIOTHERAPY,,RefCit,2,0
IRANIAN JOURNAL OF PUBLIC HEALTH,IRANIAN JOURNAL OF PUBLIC HEALTH,,RefCit,2,0
ISOKINETICS AND EXERCISE SCIENCE,ISOKINETICS AND EXERCISE SCIENCE,,RefCit,2,0
JMIR RESEARCH PROTOCOLS,JMIR RESEARCH PROTOCOLS,,RefCit,2,0
JOURNAL OF CLINICAL AND DIAGNOSTIC RESEARCH,JOURNAL OF CLINICAL AND DIAGNOSTIC RESEARCH,,RefCit,2,0
JOURNAL OF PAIN RESEARCH,JOURNAL OF PAIN RESEARCH,,RefCit,2,0
JOURNAL OF PHYSIOTHERAPY,JOURNAL OF PHYSIOTHERAPY,,RefCit,2,0
JOURNAL OF SPORTS TRAUMATOLOGY AND RELATED RESEARCH,JOURNAL OF SPORTS TRAUMATOLOGY AND RELATED RESEARCH,,RefCit,2,0
JOURNAL OF SURGICAL ONCOLOGY,JOURNAL OF SURGICAL ONCOLOGY,,RefCit,2,0
JOURNAL OF TAIBAH UNIVERSITY MEDICAL SCIENCES,JOURNAL OF TAIBAH UNIVERSITY MEDICAL SCIENCES,,RefCit,2,0
JOURNAL OF THE COLLEGE OF PHYSICIANS AND SURGEONS PAKISTAN,JOURNAL OF THE COLLEGE OF PHYSICIANS AND SURGEONS PAKISTAN,,RefCit,2,0
JOURNAL OF THE PAKISTAN MEDICAL ASSOCIATION,JOURNAL OF THE PAKISTAN MEDICAL ASSOCIATION,,RefCit,2,0
JOURNAL OF ULTRASOUND IN MEDICINE,JOURNAL OF ULTRASOUND IN MEDICINE,,RefCit,2,0
MALAYSIAN ORTHOPAEDIC JOURNAL,MALAYSIAN ORTHOPAEDIC JOURNAL,,RefCit,2,0
MEDICINA-LITHUANIA,MEDICINA-LITHUANIA,,RefCit,2,0
OCCUPATIONAL AND ENVIRONMENTAL MEDICINE,OCCUPATIONAL AND ENVIRONMENTAL MEDICINE,,RefCit,0,0
OCCUPATIONAL MEDICINE-OXFORD,OCCUPATIONAL MEDICINE-OXFORD,,RefCit,2,0
OPERATIVE TECHNIQUES IN SPORTS MEDICINE,OPERATIVE TECHNIQUES IN SPORTS MEDICINE,,RefCit,2,0
ORVOSI HETILAP,ORVOSI HETILAP,,RefCit,2,0
PAKISTAN JOURNAL OF MEDICAL SCIENCES,PAKISTAN JOURNAL OF MEDICAL SCIENCES,,RefCit,0,0
PHYSICAL EDUCATION OF STUDENTS,PHYSICAL EDUCATION OF STUDENTS,,RefCit,2,0
PHYSICIAN AND SPORTSMEDICINE,PHYSICIAN AND SPORTSMEDICINE,,RefCit,2,0
PHYSIOLOGICAL REPORTS,PHYSIOLOGICAL REPORTS,,RefCit,2,0
REVISTA BRASILEIRA DE FISIOTERAPIA,REVISTA BRASILEIRA DE FISIOTERAPIA,,RefCit,2,0
REVISTA BRASILEIRA DE MEDICINA DO ESPORTE,REVISTA BRASILEIRA DE MEDICINA DO ESPORTE,,RefCit,2,0
RHEUMATOLOGY INTERNATIONAL,RHEUMATOLOGY INTERNATIONAL,,RefCit,2,0
SCANDINAVIAN JOURNAL OF PAIN,SCANDINAVIAN JOURNAL OF PAIN,,RefCit,2,0
SEMINARS IN ARTHRITIS AND RHEUMATISM,SEMINARS IN ARTHRITIS AND RHEUMATISM,,RefCit,2,0
SEMINARS IN MUSCULOSKELETAL RADIOLOGY,SEMINARS IN MUSCULOSKELETAL RADIOLOGY,,RefCit,2,0
SOUTH AFRICAN JOURNAL OF PHYSIOTHERAPY,SOUTH AFRICAN JOURNAL OF PHYSIOTHERAPY,,RefCit,3,0
SPORTS HEALTH-A MULTIDISCIPLINARY APPROACH,SPORTS HEALTH-A MULTIDISCIPLINARY APPROACH,,RefCit,2,0
TOPICS IN STROKE REHABILITATION,TOPICS IN STROKE REHABILITATION,,RefCit,5,0
WORK-A JOURNAL OF PREVENTION ASSESSMENT & REHABILITATION,WORK-A JOURNAL OF PREVENTION ASSESSMENT & REHABILITATION,,RefCit,2,0
MAGNETIC RESONANCE IN MEDICINE,MAGNETIC RESONANCE IN MEDICINE,,RefCit,1,0
MEDICAL CARE,MEDICAL CARE,,RefCit,1,0
MEDICAL JOURNAL OF AUSTRALIA,MEDICAL JOURNAL OF AUSTRALIA,,RefCit,0,0
JAPANESE JOURNAL OF PHYSICAL FITNESS AND SPORTS MEDICINE,JAPANESE JOURNAL OF PHYSICAL FITNESS AND SPORTS MEDICINE,,RefCit,2,0
JOURNAL OF MOTOR LEARNING AND DEVELOPMENT,JOURNAL OF MOTOR LEARNING AND DEVELOPMENT,,RefCit,2,0
ARTHRITIS CARE & RESEARCH,ARTHRITIS CARE & RESEARCH,,RefCit,2,0
ADVANCES IN SHOULDER SURGERY,ADVANCES IN SHOULDER SURGERY,,RefCit,0,0
IEEE INTERNATIONAL CONFERENCE ON INTELLIGENT ROBOTS AND SYSTEMS,IEEE INTERNATIONAL CONFERENCE ON INTELLIGENT ROBOTS AND SYSTEMS,,RefCit,0,0
RIGAKURYOHO KAGAKU,RIGAKURYOHO KAGAKU,,RefCit,0,0
APPLIED SCIENCES-BASEL,APPLIED SCIENCES-BASEL,,RefCit,1,0
NEUROSURGERY CLINICS OF NORTH AMERICA,NEUROSURGERY CLINICS OF NORTH AMERICA,,RefCit,3,0
NONLINEAR DYNAMICS,NONLINEAR DYNAMICS,,RefCit,0,0
ORTHOPEDICS,ORTHOPEDICS,,RefCit,1,0
PAIN,PAIN,,RefCit,2,0
IMAGE ANALYSIS AND RECOGNITION,IMAGE ANALYSIS AND RECOGNITION,,RefCit,3,0
TECHNIQUES IN SHOULDER AND ELBOW SURGERY,TECHNIQUES IN SHOULDER AND ELBOW SURGERY,,RefCit,3,0
ROBOTICS AND AUTONOMOUS SYSTEMS,ROBOTICS AND AUTONOMOUS SYSTEMS,,RefCit,3,0
PATTERN RECOGNITION,PATTERN RECOGNITION,,RefCit,1,0
PEDIATRIC RESEARCH,PEDIATRIC RESEARCH,,RefCit,1,0
PERCEPTUAL AND MOTOR SKILLS,PERCEPTUAL AND MOTOR SKILLS,,RefCit,1,0
PHYSICAL MEDICINE AND REHABILITATION CLINICS OF NORTH AMERICA,PHYSICAL MEDICINE AND REHABILITATION CLINICS OF NORTH AMERICA,,RefCit,1,0
PLASTIC AND RECONSTRUCTIVE SURGERY,PLASTIC AND RECONSTRUCTIVE SURGERY,,RefCit,1,0
PROCEEDINGS OF THE CONFERENCE OF THE INTERNATIONAL SHOULDER GROUP,PROCEEDINGS OF THE CONFERENCE OF THE INTERNATIONAL SHOULDER GROUP,,RefCit,0,0
PSYCHOLOGICAL BULLETIN,PSYCHOLOGICAL BULLETIN,,RefCit,0,0
QUALITY OF LIFE RESEARCH,QUALITY OF LIFE RESEARCH,,RefCit,0,0
RADIOLOGY,RADIOLOGY,,RefCit,1,0
RESEARCH IN NURSING & HEALTH,RESEARCH IN NURSING & HEALTH,,RefCit,2,0
REVUE DE CHIRURGIE ORTHOPEDIQUE ET REPARATRICE DE L APPAREIL MOTEUR,REVUE DE CHIRURGIE ORTHOPEDIQUE ET REPARATRICE DE L APPAREIL MOTEUR,,RefCit,1,0
RHEUMATOLOGY,RHEUMATOLOGY,,RefCit,2,0
AMERICAN JOURNAL OF HUMAN BIOLOGY,AMERICAN JOURNAL OF HUMAN BIOLOGY,,RefCit,0,0
INTERNATIONAL JOURNAL OF LEGAL MEDICINE,INTERNATIONAL JOURNAL OF LEGAL MEDICINE,,RefCit,0,0
SCANDINAVIAN JOURNAL OF REHABILITATION MEDICINE,SCANDINAVIAN JOURNAL OF REHABILITATION MEDICINE,,RefCit,2,0
SHOULDER PAIN,SHOULDER PAIN,,RefCit,0,0
SIAM JOURNAL ON OPTIMIZATION,SIAM JOURNAL ON OPTIMIZATION,,RefCit,1,0
SKELETAL RADIOLOGY,SKELETAL RADIOLOGY,,RefCit,1,0
STATISTICAL SCIENCE,STATISTICAL SCIENCE,,RefCit,0,0
STROKE,STROKE,,RefCit,5,0
ARCHIVES OF BONE AND JOINT SURGERY-ABJS,ARCHIVES OF BONE AND JOINT SURGERY-ABJS,,RefCit,0,0
INTERNET OF THINGS TECHNOLOGIES FOR HEALTHCARE,INTERNET OF THINGS TECHNOLOGIES FOR HEALTHCARE,,RefCit,0,0
OBERE EXTREMITAET-SCHULTER-ELLENBOGEN-HAND-UPPER EXTREMITY-SHOULDER ELBOW HAND,OBERE EXTREMITAET-SCHULTER-ELLENBOGEN-HAND-UPPER EXTREMITY-SHOULDER ELBOW HAND,,RefCit,0,0
IRANIAN REHABILITATION JOURNAL,IRANIAN REHABILITATION JOURNAL,,RefCit,0,0
WORLD JOURNAL OF ORTHOPEDICS,WORLD JOURNAL OF ORTHOPEDICS,,RefCit,0,0
ULTRASOUND IN OBSTETRICS & GYNECOLOGY,ULTRASOUND IN OBSTETRICS & GYNECOLOGY,,RefCit,3,0
HUMAN FACTORS AND ERGONOMICS IN MANUFACTURING & SERVICE INDUSTRIES,HUMAN FACTORS AND ERGONOMICS IN MANUFACTURING & SERVICE INDUSTRIES,,RefCit,3,0
I-PERCEPTION,I-PERCEPTION,,RefCit,3,0
MSKMUSKULOSKELETTALE PHYSIOTHERAPIE,MSKMUSKULOSKELETTALE PHYSIOTHERAPIE,,RefCit,1,0
ASIAN SPINE JOURNAL,ASIAN SPINE JOURNAL,,RefCit,1,0
JOURNAL OF APPLIED CLINICAL MEDICAL PHYSICS,JOURNAL OF APPLIED CLINICAL MEDICAL PHYSICS,,RefCit,1,0
